Business_ID,Name,Address,Coordinates,Num_of_Reviews,Rating,Zip_Code
VSPkVw9gSQx-5v4A6aC_YA,Manousheh,193 Bleecker St,"{'latitude': 40.729511, 'longitude': -74.001275}",446,4.5,10012
0FaLilJs2VN83hOEBcBnPg,Au Za'atar,188 Avenue A,"{'latitude': 40.728901, 'longitude': -73.981185}",929,4.0,10009
B55Ocx5RBWxo6AGSucYSIA,ilili,236 5th Ave,"{'latitude': 40.74435, 'longitude': -73.98778}",2405,4.0,10001
lUpyqsKw-IBqsMgYIHZj7Q,Balade,208 1st Ave,"{'latitude': 40.730251, 'longitude': -73.983001}",713,4.0,10009
lxHKbp0hReRBPZcq4fUUow,Naya Mezze & Grill,1057 2nd Ave,"{'latitude': 40.75848, 'longitude': -73.96612}",512,4.0,10022
51YLgpfHKfXxOkDFe9sT-w,Balade - Your Way,144 West 37th St,"{'latitude': 40.7524299621582, 'longitude': -73.9887237548828}",356,4.5,10018
eW7kDF_1PT0CBbKA0sjLfA,Souk El Shater,43-03 Queens Blvd,"{'latitude': 40.74385, 'longitude': -73.92113}",227,4.5,11104
6eVNHrnp67ZniJYLik1qig,Yara,319 E 53rd St,"{'latitude': 40.75646, 'longitude': -73.9662}",121,4.5,10022
4taegd-dJm0xGJOmqG5DtQ,Cafe Alula,252 Franklin St,"{'latitude': 40.73461, 'longitude': -73.95822}",49,5.0,11222
R3fMQtSL0MrMUyW_Q32oNw,NAYA,One New York Plz,"{'latitude': 40.7021301747589, 'longitude': -74.0118362768599}",147,4.5,10004
iufQFxf-g1j-5lC6GRTiog,The Migrant Kitchen,749 Metropolitan Ave,"{'latitude': 40.714694, 'longitude': -73.944175}",11,5.0,11211
PYv7MXnCDuSPA9Yakf1Rqw,Souk & Sandwich,117 Ave Of The America's,"{'latitude': 40.7238561, 'longitude': -74.0048973}",141,4.0,10013
4fNKBr3mlxKHfCojW0i_Uw,NAYA,688 3rd Ave,"{'latitude': 40.751708, 'longitude': -73.973977}",409,4.0,10017
3_IGUmtYVOM9xevkRUidEw,Toum,38 West 38th St,"{'latitude': 40.751501, 'longitude': -73.984589}",12,5.0,10018
_-EQR2vNYg-b1eZwAgp6JQ,Tanoreen,7523 3rd Ave,"{'latitude': 40.6308, 'longitude': -74.02775}",862,4.0,11209
wctR1TrheHAwpHZ2sJknEw,Yemen Cafe & Restaurant,176 Atlantic Ave,"{'latitude': 40.6899167976363, 'longitude': -73.9936561765076}",517,4.5,11201
DWR54ugpSThnDub4xeHWow,Karam Restaurant,8519 4th Ave,"{'latitude': 40.62297, 'longitude': -74.02807}",338,4.0,11209
rbb3TpbtzrBbzRxKOTxzEg,NAYA,54 W 56th St,"{'latitude': 40.763121, 'longitude': -73.977025}",212,4.0,10019
X155pxtcrY7l7Awh5zzm7g,Tripoli Restaurant,156 Atlantic Ave,"{'latitude': 40.690063, 'longitude': -73.994621}",110,3.5,11201
6G0urbBDz_CnYnGXApgUcw,Boutros,185 Atlantic Ave,"{'latitude': 40.6901481293837, 'longitude': -73.9935445412993}",123,4.5,11201
jYQijI8_-Zh8CX2jAIBiYQ,Al Nour,41-8 30th Ave,"{'latitude': 40.7631912, 'longitude': -73.9139464}",22,3.5,11103
Asyo_3Y7FQsv2f8noYTL9g,Feb 30 Lebanese Eatery,110 Macdougal St,"{'latitude': 40.72957, 'longitude': -74.00073}",31,4.5,10012
CLD0Bh-Z_7oGDQOcYdPGLg,Le Sajj,8221 5th Ave,"{'latitude': 40.6237164, 'longitude': -74.0248142}",106,3.5,11209
HcWm-9ZZu2_brnuRxN5Gpg,Tutt Cafe,47 Hicks St,"{'latitude': 40.700188, 'longitude': -73.99322}",229,4.0,11201
oqVG2LsTwvRzgJxId5pqiw,Dar 525,525 Grand St,"{'latitude': 40.711266, 'longitude': -73.950317}",496,4.5,11211
Ucg3flg-2tJAahEePIoigQ,Magdalene,524 Lorimer St,"{'latitude': 40.71252, 'longitude': -73.94899}",17,5.0,11211
yXK9VSId2tqYNmk-31jAEQ,NAYA,488 Madison Ave,"{'latitude': 40.75885, 'longitude': -73.97504}",36,4.0,10022
XK8DnTYgZGoZKuihH4_cpg,Taboon,773 10th Ave,"{'latitude': 40.7661052157931, 'longitude': -73.9909893717713}",662,4.0,10019
szrkleW0KeKcoKqnGa2Tew,Zaytoons,594 Vanderbilt Ave,"{'latitude': 40.678733, 'longitude': -73.968803}",297,4.0,11238
WIe7Qi3uOoMKU2ZbHfTGew,Mazzat,208 Columbia St,"{'latitude': 40.684942, 'longitude': -74.003028}",191,4.5,11231
jAaVnUKLITkuhzwXIe0vLQ,Cafe Mogador,133 Wythe Ave,"{'latitude': 40.719747, 'longitude': -73.959993}",1174,4.5,11211
m0HUo-Vzs3Oxb9MqCu4V7Q,Balade Your Way,8 E 41st St,"{'latitude': 40.75245, 'longitude': -73.98081}",38,4.5,10017
0AoaUlXkQOlalpA3v-Ivqw,Zyara NY,57 Clinton St,"{'latitude': 40.71964, 'longitude': -73.98507}",184,4.5,10002
Ey45ZiAN1TSVmvfM6DVZqA,Persepolis,1407 2nd Ave,"{'latitude': 40.76984, 'longitude': -73.958015}",461,4.0,10021
nGpC40fxoDQ-Ft0h-_gkVg,Bedouin Tent,405 Atlantic Ave,"{'latitude': 40.6869769801458, 'longitude': -73.984394049936}",607,4.0,11217
-JBFRO2z1Fr6og-3VGYRxQ,Black Iris,228 Dekalb Ave,"{'latitude': 40.6894701719284, 'longitude': -73.9702398329973}",308,4.0,11205
a96iMO6bSkMHOZ4Wrv-Lcg,Manousheh,403 Grand St,"{'latitude': 40.7158953, 'longitude': -73.987321}",1,4.0,10002
tV6Tgw6FS45BRHyQ207jag,Omar's Mediterranean East Midtown,154 E 55th St,"{'latitude': 40.75905, 'longitude': -73.969273}",611,4.5,10022
JdXqygDw4yXQcy5lw9VI4A,Oasis,168 Bedford Ave,"{'latitude': 40.717772, 'longitude': -73.957384}",628,4.0,11249
W4hobe10Fy54MKqmLaObEg,Cafe Mogador,101 St Marks Pl,"{'latitude': 40.727258767439, 'longitude': -73.9845085144043}",1910,4.0,10009
texbRCTWEMkK3aoLMIAGhA,Queen,247 Starr St,"{'latitude': 40.706071, 'longitude': -73.922414}",167,4.5,11237
VMugGjWqmOfCXnYv_7aFWw,Kubeh,464 Avenue Of The Americas,"{'latitude': 40.7355205142767, 'longitude': -73.9979605809656}",252,4.0,10011
ZfVHyRKrP7OQnaUmItRK1A,Duzan Mediterranean Grill,2411 Steinway St,"{'latitude': 40.7684923638382, 'longitude': -73.9111769199371}",561,4.0,11103
Xa91UwBtZaUPpTygSm3qSw,Nur,34 E 20th St,"{'latitude': 40.738533, 'longitude': -73.988799}",284,4.0,10003
-sqlUrNVD1xN5jlCtRAGdA,Marmar,370 Forest Ave,"{'latitude': 40.63092, 'longitude': -74.10174}",192,4.0,10301
1p4dUaLyzIhN5n1lJnHSgA,Bustan,487 Amsterdam Ave,"{'latitude': 40.7859082, 'longitude': -73.9759551}",509,4.0,10024
5hyFH-JfrlBhgPDmvelkIA,North Miznon,161 W 72nd St,"{'latitude': 40.778538, 'longitude': -73.980709}",134,4.0,10023
Tvxh4vWev1ak-WztOzus-g,Lebanese Eatery,1686 Forest Ave,"{'latitude': 40.6247, 'longitude': -74.1448}",47,4.5,10302
HVKKciOXD4k9VWXqgM9hqw,Bedawi Cafe,266 Prospect Park W,"{'latitude': 40.65865, 'longitude': -73.98222}",169,4.0,11215
Rj2ACaJcbroJLPDhRhzvBw,Shuka,38 MacDougal St,"{'latitude': 40.72707, 'longitude': -74.00283}",489,4.0,10012
FxOt8Exq5CA5izlDPFPoUg,Gazala's,447 Amsterdam Ave,"{'latitude': 40.78458, 'longitude': -73.97706}",74,3.5,10024
ExvoimQ4LzY3UWtZ6m6Lgw,Ravagh Persian Grill,11 E 30th St,"{'latitude': 40.74573, 'longitude': -73.98543}",780,4.0,10016
bNO0801dOoSSFJuDdTDzYQ,Hadramout Restaurant,172 Atlantic Ave,"{'latitude': 40.6898184, 'longitude': -73.9938774}",87,4.0,11201
Qx01ny6b5PIBJlvI5mhjCA,19 Cleveland By Nish Nush,19 Cleveland Pl,"{'latitude': 40.72164, 'longitude': -73.99722}",162,4.5,10012
StF9WWWbrRzEOmNAcEINcA,Balzem,202 Mott St,"{'latitude': 40.721408, 'longitude': -73.995415}",433,4.0,10012
OMRkRHFXmS9txTWirA-yMA,Taheni Mediterranean Grill,224 4th Ave,"{'latitude': 40.67742, 'longitude': -73.98343}",234,4.0,11215
ZoVVcwwbCxIhEmstLWrRvw,The Hummus & Pita,79 Chambers St,"{'latitude': 40.71474, 'longitude': -74.00671}",195,4.0,10007
cg7IxNN5wyrXVP5tkCaZRg,Miss Ada,184 Dekalb Ave,"{'latitude': 40.689436, 'longitude': -73.9723809}",242,4.5,11205
MIHDANEJyqStu3CrbDHQcA,Laila,45 Page Ave,"{'latitude': 40.52332, 'longitude': -74.23447}",125,4.5,10309
TAANt0fPbfHqVP5LyMBioA,Kashkaval Garden,852 9th Ave,"{'latitude': 40.766758, 'longitude': -73.986144}",575,4.0,10019
w_4kEnanUloKJVDIJAUUyg,El-Rawsheh Cuisine,2548 Steinway St,"{'latitude': 40.7668419, 'longitude': -73.9128876}",59,3.5,11103
4byAirxIA4OEgKHHgJfKLw,Zatar,1201 8th Ave,"{'latitude': 40.6638, 'longitude': -73.98067}",85,4.5,11215
i38R1KxL99JoG-Ns7FyyGw,12 Chairs,56 MacDougal St,"{'latitude': 40.72759, 'longitude': -74.0024}",554,4.0,10012
3-veNnRYcRfQ-OmnXrmfFA,Ba'al Cafe & Falafel,71 Sullivan St,"{'latitude': 40.7244699, 'longitude': -74.0039}",286,4.5,10012
W2oXEcatfm7DZqhmjHE2DQ,Sevan Restaurant & Catering,21607 Horace Harding Expy,"{'latitude': 40.7479623, 'longitude': -73.7613954}",56,4.5,11364
6-JsFQ_BJ1T8nfn0U69OFA,Mashawi Grill,956 Richmond Ave,"{'latitude': 40.62397, 'longitude': -74.14924}",37,4.0,10314
8mZ6fE9n_mK59mJ_MYtrSQ,Mimi's Hummus,1209 Cortelyou Rd,"{'latitude': 40.64035, 'longitude': -73.9667}",356,4.0,11218
j0n_poMVZnODYOFviLbh0Q,Taim West Village,222 Waverly Pl,"{'latitude': 40.736002376347, 'longitude': -74.0019588366439}",1524,4.5,10014
03icxNONL86QOeZQLsyrnA,Semkeh,53 Morgan Ave,"{'latitude': 40.7057062, 'longitude': -73.932148}",9,4.5,11237
m4CFfE1_u5rwVgb45ZqRpA,Sofreh,75 St Marks Ave,"{'latitude': 40.6798617, 'longitude': -73.973984}",249,4.0,11217
abS0tvhl3R3LyvUE0TM6fA,Tarboosh,645 Broadway,"{'latitude': 40.6693439358512, 'longitude': -74.1138902306557}",29,4.0,07002
XwxGe5lDUtrZTr37JU6z-Q,Sido Grill,2288 Frederick Douglass Blvd,"{'latitude': 40.8086721255731, 'longitude': -73.9520373567939}",19,4.5,10027
bDx0oXgxO0Cy8uH_NbsE9w,Moustache,90 Bedford St,"{'latitude': 40.7323545516408, 'longitude': -74.0052938207627}",372,4.0,10014
8ZedF0hYAvys8tb7ZtHGtQ,Lulu Lounge & Bistro,360 Old RIver Rd,"{'latitude': 40.812386, 'longitude': -73.988309}",15,4.5,07020
8B4iOakIU4kFJAc3VNU_PA,King of Falafel & Shawarma - Truck,31st Ditmars,"{'latitude': 40.7761329695607, 'longitude': -73.9107058569789}",113,4.5,11105
njKwUg6oYDEEtLuunTmgbg,Heights Falafel,78 Henry St,"{'latitude': 40.698551, 'longitude': -73.992706}",240,4.0,11201
lzUkaMCuxYWR1cL_q3ElsQ,Dar 525,168 Driggs Ave,"{'latitude': 40.72308, 'longitude': -73.9452699}",129,4.5,11222
jpb9h2lv8eJBmX3Z_CBpSg,Samia's Mediterranean Food,7922 3rd Ave,"{'latitude': 40.6280598630808, 'longitude': -74.0293489028262}",35,4.0,11209
yWhXiBrycr5h4oVSMB_8zQ,Sultan Restaurant & Cafe Lounge,144 Atlantic Ave,"{'latitude': 40.69027, 'longitude': -73.99503}",91,4.0,11201
eT2rROrWDAr0auGYqQrp9A,Layali Beirut Cafe Restaurant,25-60 Steinway St,"{'latitude': 40.76658, 'longitude': -73.9131}",109,3.5,11102
KjqBMZ0bE9VV2VP3DrDZvg,First Oasis,9218 4th Ave,"{'latitude': 40.61803, 'longitude': -74.03065}",172,4.0,11209
lnTPfdaqDqWjywWewsE2Lw,Miriam,79 5th Ave,"{'latitude': 40.6801719843659, 'longitude': -73.9777555239717}",1018,4.0,11217
yYb0dW3Ckc-lBzZTs5ssoQ,Brooklyn Shawarma,1001 Fulton St,"{'latitude': 40.6827277407024, 'longitude': -73.9627983793616}",47,4.5,11238
8KotY_L_CXJTD63YrRAdeA,Gabriella's Place Lebanese Cuisine,177 Franklin Ave,"{'latitude': 40.8141352096874, 'longitude': -74.1635080235389}",95,4.5,07110
Me4TxTbPPQZQopW1wOGx5g,Jack's Wife Freda,224 Lafayette St,"{'latitude': 40.72213, 'longitude': -73.99756}",1913,4.0,10012
vx2JV9juVzSBRGWHOZCTAQ,ABA Turkish Restaurant,325 W 57th St,"{'latitude': 40.7672794037324, 'longitude': -73.9838727571167}",520,4.0,10019
HYW2O2qycmFiGUNt_TlyPA,Shawarmania,22-49 31st St,"{'latitude': 40.774947, 'longitude': -73.911846}",236,4.0,11105
VwXHwFedp41olqrKNYKCWQ,Djerdan Burek Astoria,3404 31st Ave,"{'latitude': 40.762911, 'longitude': -73.921069}",139,4.0,11106
1hdwhb6kzLxL3Lt3PxoHKA,Shoo Shoo,371 Broome St,"{'latitude': 40.72015, 'longitude': -73.99623}",100,4.0,10013
32163sAKsk3y_HagU9oIUA,Salam Restaurant,104 W 13th St,"{'latitude': 40.73669, 'longitude': -73.997985}",104,4.0,10011
uwx3yy7Wu5u55EiXRv03aQ,Ali Baba,912 Washington St,"{'latitude': 40.747742, 'longitude': -74.028024}",289,4.0,07030
L-IuiVoFMDSw2K6OAciP1g,Mamoun's Falafel,119 MacDougal St,"{'latitude': 40.7302874, 'longitude': -74.0004383}",2394,4.0,10012
CCBy_QYHbTtPrAKHS3pqHg,Pita Palace,413 Graham Ave,"{'latitude': 40.7172485, 'longitude': -73.9448511}",243,5.0,11211
sVkwEFET38Myz3dM1uZpiw,Reunion,544 Union Ave,"{'latitude': 40.7171, 'longitude': -73.95164}",444,4.0,11211
Bt6RoIcazXayp1a8lMSvzA,Shalel Kitchen,65 W 70th St,"{'latitude': 40.7760977, 'longitude': -73.9793291}",611,4.0,10023
228DO__YwYmliMx6Q5jTtw,Turco Mediterranean Grill,604 9th Ave,"{'latitude': 40.75913, 'longitude': -73.9918}",563,4.0,10036
OnboaU__upCD7tMXuSi4jw,Baalbek Lebanese Restaurant,2600 Tonnelle Ave,"{'latitude': 40.7732, 'longitude': -74.04091}",9,3.5,07047
diUPT_muypq7W7dGSuSB-Q,La'Mezza,63 Nathaniel Pl,"{'latitude': 40.895738, 'longitude': -73.976122}",188,3.5,07631
xEnNFXtMLDF5kZDxfaCJgA,The Halal Guys,W 53rd St,"{'latitude': 40.76477, 'longitude': -73.98614}",9503,4.0,10019
l74csFd6zx4vj5lneHJSSQ,Kulushkat,1137B Washington Ave,"{'latitude': 40.66123, 'longitude': -73.96057}",134,3.5,11225
6KcS6hc2j4kJi2XTGxC1eg,Bodrum Mediterranean Restaurant,584 Amsterdam Ave,"{'latitude': 40.78935, 'longitude': -73.97411}",399,4.0,10024
cuUmPDEY-1KXzShGdpsqag,Turkish Kitchen,386 3rd Ave,"{'latitude': 40.74189, 'longitude': -73.98136}",566,4.0,10016
RqCMsa0IuHWhML0BEjW8_w,Boulud Sud,20 West 64th Street,"{'latitude': 40.7718614234522, 'longitude': -73.9816256082283}",748,4.0,10023
UqYxtrutXYdielZXMFLZug,Layali Dubai,24-17 Steinway St,"{'latitude': 40.7685091, 'longitude': -73.9109881}",134,3.5,11105
TxHx1fb8O_MsfQB_ODdTQg,Hummus Place,305 Amsterdam Ave,"{'latitude': 40.780044, 'longitude': -73.98027}",618,4.0,10023
0LhrOS_zzu-MlIwmN9ljoA,Grill Point 181,736 W 181st St,"{'latitude': 40.85055, 'longitude': -73.9375}",77,4.0,10033
N51w2HM8ODZWyDKn9KcVvA,Kofte Piyaz,881 5th Ave,"{'latitude': 40.6514550017949, 'longitude': -74.0035843849182}",212,4.0,11232
77RmZE8OkNBxSPniHIaoaw,Uncle Momo,702 Bloomfield Ave,"{'latitude': 40.818153, 'longitude': -74.223335}",365,4.0,07042
47J3jLkclOMXExoPoIpnag,Hummus Market,361 Graham Ave,"{'latitude': 40.71541, 'longitude': -73.94469}",182,4.5,11211
JhB5b1Z7wR1hfGCw3iUMRw,Rose's of Englewood,126 Engle St,"{'latitude': 40.8969841003418, 'longitude': -73.971321105957}",87,4.0,07631
IFZ3_d01uflGixWrrD8_gg,Ariana Afghan Kebab Restaurant,787 9th Ave,"{'latitude': 40.76515, 'longitude': -73.98813}",490,4.0,10019
v0LGazMDlyPX5ceLYpZyTg,Akdeniz Mediterranean Restaurant,19 W 46th St,"{'latitude': 40.756519714277, 'longitude': -73.9800018306885}",391,4.0,10036
dzI6MzwKbrhJN5dEeUbX0w,The Hummus & Pita,585 6th Ave,"{'latitude': 40.73928, 'longitude': -73.99605}",645,4.0,10011
wA_KKu3X36JcaUPgFjyIHg,Glasserie,95 Commercial St,"{'latitude': 40.7376154, 'longitude': -73.9560697}",361,4.0,11222
NzIu9dOcDrd0UVMB1Kx6PQ,Rakka Cafe,81 St Marks Pl,"{'latitude': 40.72782, 'longitude': -73.98551}",144,3.5,10003
Ti-957LNURM0Gy2CXIbQOw,Hummus Kitchen,768 9th Ave,"{'latitude': 40.76427, 'longitude': -73.98797}",791,4.0,10019
cG9aOGzPioO4zl6jxuhMLg,ilili Box,700 8th Ave,"{'latitude': 40.758712, 'longitude': -73.988281}",60,3.5,10036
gpXJ1CuI01-5wnshykD-XA,Al Ameera Restaurant,5122 John F Kennedy Blvd,"{'latitude': 40.7854854567643, 'longitude': -74.0230022403715}",71,4.0,07093
zmWM-mfenM3N_yTaItG1FA,Cedars,5 Main Ave,"{'latitude': 40.85476, 'longitude': -74.11908}",281,4.0,07057
3FzpZE56CHuipiY_JDT3EA,Zyara Restaurant,25-53 Steinway St,"{'latitude': 40.76648, 'longitude': -73.91251}",180,4.0,11103
azCB19UzoGl7njg5FDudaw,Sumac,1198 Forest Ave,"{'latitude': 40.6263033995038, 'longitude': -74.1298565325409}",118,3.5,10310
gP8mp6O-z21prrrQ4nfABg,Sinbad Seafood & Steak,7721 5th Ave,"{'latitude': 40.62726, 'longitude': -74.02323}",49,4.0,11209
94eak-DwAfD5Dsce1b4vZQ,Pita Shack,2319C Route 22 E,"{'latitude': 40.690745, 'longitude': -74.29163}",125,4.5,07083
9wRlyAndMwK0n1SlzywRjQ,The Family Store,6905 3rd Ave,"{'latitude': 40.63544, 'longitude': -74.026}",168,4.5,11209
G2bUXNwpD3uf2AdmD1b_Pg,Gazala Place,709 9th Ave,"{'latitude': 40.76265, 'longitude': -73.98978}",372,3.5,10019
-X-jyF6Wblm3R3ExI-6EVg,Pasha Restaurant,70 W 71st St,"{'latitude': 40.7765809, 'longitude': -73.9790791}",399,4.0,10023
SysAthrDghPL62a6OElOCQ,Local 92,92 2nd Ave,"{'latitude': 40.726957, 'longitude': -73.9885354}",433,4.0,10003
lMyJ9lrwRddpsOR_WeMSww,Gypsy Grill,187 Newark Ave,"{'latitude': 40.7212996, 'longitude': -74.0457456}",490,4.0,07302
O8XXOQ1crVOjGsz1ARKCFA,Stefanos Mediterranean Grille,700 Plaza Dr,"{'latitude': 40.7864566, 'longitude': -74.0454879}",203,4.0,07094
xIXGcLO6ubSGPgyGGJCLtA,Pastrami Masters,812 Grand St,"{'latitude': 40.711796, 'longitude': -73.941006}",20,4.0,11211
_IXwnlEd4DsiXuruRiRl9Q,Pera Mediterranean Brasserie,303 Madison Ave,"{'latitude': 40.75228, 'longitude': -73.9795}",404,3.5,10017
xuthD1yQKElS4PdXRSF2AA,Madison Cafe & Grill,6 Madison Ave,"{'latitude': 40.9415289, 'longitude': -73.963018}",104,4.0,07626
h_X1VLP4eVHmaQW6yAAbBg,Truva Cafe and Grill,22-41 31st St,"{'latitude': 40.7750966778383, 'longitude': -73.9116586888159}",365,4.0,11105
awRxWGb5C77OYCa-g32fUg,Ruzana,486 85th St,"{'latitude': 40.6221721770876, 'longitude': -74.0260156989098}",178,4.5,11209
XytS4RHSlFIP_G-8Bcc71w,Hash O Nash,441 Mamaroneck Ave,"{'latitude': 40.9524534, 'longitude': -73.7365203}",106,3.5,10543
7CM15wd5d8WC_pHR674YXA,Hummus Kitchen,1613 2nd Ave,"{'latitude': 40.7763650431587, 'longitude': -73.9529693360589}",892,4.0,10028
VkjEkhPUg-_JaK6-AL5Vsg,Mombar,2522 Steinway St,"{'latitude': 40.767456, 'longitude': -73.91246}",160,4.0,11103
8O-nF9b9fQH4Zxu6ymcUPw,Olive Tree Cafe,117 Macdougal St,"{'latitude': 40.73021, 'longitude': -74.00058}",397,3.5,10012
Znj2D9i2Rsc_PqaJhE_kFw,Al Basha Restaurant,1076 Main St,"{'latitude': 40.8917483, 'longitude': -74.156781}",509,4.0,07503
B1FK_po7uwvJG5xbZj6n3g,ilili Box,265 Canal St,"{'latitude': 40.71897, 'longitude': -74.00102}",24,3.0,10013
ugYhnKrr3Q1TVV15R0EEWQ,AnTalia NYC,17 W 45th St,"{'latitude': 40.755991, 'longitude': -73.980313}",424,4.0,10036
iruQwZNn9eyfnc2Z1vGsOQ,Old City Cafe & Grill,20 N Union Ave,"{'latitude': 40.656353871374, 'longitude': -74.3035939394892}",257,4.0,07016
9VLCikK2J1lqgnb9MOI-GQ,Taste of the Palace,436 W 238th St,"{'latitude': 40.88709, 'longitude': -73.90465}",10,4.0,10463
X5QzZ75VRdcefyC6762QOw,Almazaq Restaurant and bakery,46 E Railway Ave,"{'latitude': 40.8998683768543, 'longitude': -74.1577463113301}",46,5.0,07503
Jqnm2_8Rt70YYQBhhFLwGQ,Omar's Mediterranean Cuisine,20 E 39th St,"{'latitude': 40.751888, 'longitude': -73.981211}",166,4.0,10016
HrdIdeDZBTUdyEdSTPG1zg,Jack's Wife Freda,50 Carmine St,"{'latitude': 40.729826, 'longitude': -74.003516}",847,4.0,10014
356XKWDc9lVUCBuEZ2HHiQ,Entwine,765 Washington St,"{'latitude': 40.737398, 'longitude': -74.00796}",215,4.0,10014
BMDPPsHf1_z-meUX_IRCkQ,Mangal Kebab,4620 Queens Blvd,"{'latitude': 40.7428106, 'longitude': -73.918186}",290,4.0,11104
TYUcE9t6bA9kCEqRNud5Dg,Kabab Café,2512 Steinway St,"{'latitude': 40.7678122049352, 'longitude': -73.9119970122338}",219,4.0,11103
GyFsnBMadm3DzOyWTHr7yw,Mama Ganoush,74 5th Ave,"{'latitude': 40.73564, 'longitude': -73.99409}",5,4.0,10003
T4C0dk_umVQ1ntSPn-ruvg,A-1 Grill,351 Broadway,"{'latitude': 40.65895, 'longitude': -74.1228299}",40,4.0,07002
pI-aETYVrGd34LF-UTot9A,Vegan Grill,1201 Castle Hill Ave,"{'latitude': 40.831996, 'longitude': -73.851316}",17,4.0,10462
b8z8IeXsw7DS_SrNHMpFeA,Hudson Kebab House,5402 Park Ave,"{'latitude': 40.78216, 'longitude': -74.01208}",170,4.5,07093
bw1Eq31uxhYh-kWTaPOT1A,Al Raouche Restaurant,169 Crooks Ave,"{'latitude': 40.8901378838809, 'longitude': -74.1521350547521}",120,4.0,07503
tAHRDrCR0l_utA91IyOYNw,Baba Ghanouge,165 Church St,"{'latitude': 40.71511, 'longitude': -74.00758}",151,3.0,10007
RS1qbaCAbI8_5gOloYs2pQ,Beirut Restaurant,1543 Main Ave,"{'latitude': 40.8860359191895, 'longitude': -74.1508560180664}",196,3.5,07011
Y1al5vTE4dcgx2ywN93DWw,Kamil's Lebanese Cuisine,1489 Main Ave,"{'latitude': 40.88452, 'longitude': -74.14945}",176,3.5,07011
tg2I4TLCUNr_llG2xLE4sg,Turkish Grill,42-03 Queens Blvd,"{'latitude': 40.7437839950329, 'longitude': -73.9221807731946}",396,4.0,11104
5TJdeGTJSOPjfJvGGO9cRw,Sahara East,184 1st Ave,"{'latitude': 40.7294197096977, 'longitude': -73.9835608443846}",287,3.0,10009
RNOoa_KlIgbDt_7ahVhw1A,Istanbul Bay,8002 5th Ave,"{'latitude': 40.6257479292404, 'longitude': -74.024335230917}",187,4.0,11209
Adz9-EmgvrnG1fLTyLHHtg,Güllüoglu Cafe,611 Anderson Ave,"{'latitude': 40.82527, 'longitude': -73.98824}",35,4.0,07010
TPSY6gS0-cncBwlPOUYs1Q,Seven Hills Mediterranean Grill,158 W 72nd St,"{'latitude': 40.7780303955078, 'longitude': -73.9809875488281}",229,3.5,10023
3gSKniDB_0Zm1QLCk8wAXQ,Tabboule,90 N Maple Ave,"{'latitude': 40.9806868, 'longitude': -74.1127849}",200,3.0,07450
N1FkQ5Q0wO_lNTFMKPEkZg,Bennies,54 E Palisade Ave,"{'latitude': 40.89267, 'longitude': -73.97333}",260,4.5,07631
DKAVCg08eo2JTaS8HhSgrA,Mamoun's Falafel,300 Washington St,"{'latitude': 40.7401318573625, 'longitude': -74.030293}",765,4.0,07030
8nXo6lNJlXQQIdy8Kf7J9Q,Tessa,349 Amsterdam Ave,"{'latitude': 40.7814059, 'longitude': -73.97918}",382,4.0,10024
sP0fgiQ8Chd4F6sHUWE2kg,Nargila Grill,1599 York Ave,"{'latitude': 40.7750129699707, 'longitude': -73.9481506347656}",87,3.5,10028
eDNSaUzzYbhEXFnN6Jnc4w,Arabesque,4 E 36th St,"{'latitude': 40.74929, 'longitude': -73.98317}",409,3.5,10016
IdhVvm_zNXhdd8dqcYHsHg,Chick P,490 Bergen St,"{'latitude': 40.68056, 'longitude': -73.97425}",261,4.0,11217
1SaKutXcH38X0KvayyDHUA,Barbounia,250 Park Ave S,"{'latitude': 40.7382, 'longitude': -73.98804}",1270,3.5,10003
XtSPNWY6L70I6p9l8vnwWg,Ibby's Falafel,303 Grove St,"{'latitude': 40.71885, 'longitude': -74.0438099}",393,3.0,07302
fRVfGDCICDOFOOs0Brqvsw,City Platters,6 Orient Way,"{'latitude': 40.8277951931692, 'longitude': -74.101202711463}",63,4.0,07070
NMVRHrkdp68twl4CWo1I5A,Marseille,630 9th Ave,"{'latitude': 40.759806, 'longitude': -73.991378}",906,4.0,10036
gQD8p65fHAAZTE7lHR6rYQ,Savann Mediterranean  Cuisine Restaurant,2280 Frederick Douglass Blvd,"{'latitude': 40.80848, 'longitude': -73.95201}",201,4.0,10027
BsdB6DhfvSq7ZZs-_u0RpA,Taci's Beyti,1953 Coney Island Ave,"{'latitude': 40.60956, 'longitude': -73.96209}",740,4.5,11223
ynAttT3eap8RxxR6_dHhLw,TAJ Lebanese Cuisine,183 Crooks Ave,"{'latitude': 40.8904, 'longitude': -74.15159}",87,3.5,07503
2N1y8Cv7R92lDYia_eruCw,Platter King,7704 Bergenline Ave,"{'latitude': 40.80032, 'longitude': -74.00733}",170,4.0,07047
jh42MR1OQFAFMhe_pQEzmw,Rustic Table,504 W 42nd St,"{'latitude': 40.759624, 'longitude': -73.9958265}",857,4.0,10036
K2BwmJKplPfAr4N4NKYtwQ,Beyti Kebab Restaurant,4105 Park Ave,"{'latitude': 40.774981, 'longitude': -74.02067}",75,3.5,07087
SP91ROpwQpO2z_PCiXQJRQ,Chill Bar and Hookah Lounge,7810 5th Ave,"{'latitude': 40.62714, 'longitude': -74.02397}",84,4.0,11209
jWxTkQpR9LdJdEopestfCw,Mazza Falafel,365 Essex St,"{'latitude': 40.88343, 'longitude': -74.059}",211,4.5,07601
cHO3fHUonUE9IOW_5bj8qw,Hummus Inc,445 Albee Square W,"{'latitude': 40.69121, 'longitude': -73.98331}",10,4.0,11201
XCpvVDi-eMDid3s6LrDIuw,Sido Falafel & More,267 Columbus Ave,"{'latitude': 40.7775898, 'longitude': -73.9785419}",173,4.0,10023
_MfIjyAh82uKoVU39Z7eDg,The Kebabçi West,417 Broadway,"{'latitude': 40.99167, 'longitude': -74.03273}",73,4.0,07675
h-oRYTQZrVg2mlO7tjmEew,Abu Rass,1057 Main St,"{'latitude': 40.892238, 'longitude': -74.156958}",201,4.0,07503
rWWRlHOPrIk_7ElfTdU65w,Zenon Taverna,3410 31st Ave,"{'latitude': 40.762819, 'longitude': -73.920872}",518,4.0,11106
07CFPHGST8k37uHYAGxYqQ,Pink Moose,1070 1st Ave,"{'latitude': 40.75911, 'longitude': -73.96212}",149,4.5,10022
vKMMLcGZ3TpJJ8Jr3cl_pg,nouri.cafe,1003 Main St,"{'latitude': 40.89387, 'longitude': -74.1583799}",37,4.5,07503
c40x0H2nNwR9JyV0z2iuow,Hunkar Restaurant,319 Hackensack St,"{'latitude': 40.83626, 'longitude': -74.09202}",121,4.0,07072
WekK6vHrQZ-81CijH2sGiw,Middle Eastern Halal Food,8601 5th Ave,"{'latitude': 40.6212580747582, 'longitude': -74.0261940658092}",148,4.0,11209
jJs-WtF7FdRy3NRU-5yt0g,Nanoosh,111 University Pl,"{'latitude': 40.73425, 'longitude': -73.99233}",254,3.5,10003
S4SzD0dzdzNO7FW8JM0dkQ,MEZZE Kosher Restaurant & Pizzeria Queens,100-18 Queens Blvd,"{'latitude': 40.7265825, 'longitude': -73.8536276}",77,4.0,11375
RJiU4vY5Rk6Dp4xew6FPFQ,Sumela Mediterranean Cafe & Grill,1606 1st Ave,"{'latitude': 40.7750785978051, 'longitude': -73.950450334847}",135,4.5,10028
ZbImVNrYNl3Z3PqwZ1UlLA,Pizzamore,323 Broad St,"{'latitude': 40.83574, 'longitude': -74.08832}",14,4.5,07072
kgX1iNxVYKFSQ9k0oPaeKA,Dill & Parsley,1155 Avenue Of Americas,"{'latitude': 40.75666, 'longitude': -73.98335}",35,4.0,10036
wUnrxTBnX7FKrWDZxQDiGA,Al Shami Restaurant & Shawrma,1023 Main St,"{'latitude': 40.89334, 'longitude': -74.15789}",89,4.0,07503
efbSwd5-qPc2dkWCaX5Ucw,Taiim Falafel Shack,598 Warburton Ave,"{'latitude': 40.99658, 'longitude': -73.88171}",125,3.5,10706
C1Y1CsldMdRGsjVZdBAigA,Saj Lebanese Cuisine & Hookah Lounge,1009 Main St,"{'latitude': 40.8933175, 'longitude': -74.1584261}",26,4.5,07503
pvNAZWVCvE2uSxmqAh7VUQ,Antika Grill,578 Bloomfield Ave,"{'latitude': 40.81555, 'longitude': -74.22024}",81,3.5,07042
ggm-5YHqX5pXgk5Uh42dEA,Pergola,36 W 28th St,"{'latitude': 40.745399, 'longitude': -73.989588}",786,3.5,10001
1ZstLMeTotRyA8xo8Xa77w,Taim Nolita,45 Spring St,"{'latitude': 40.7219978459617, 'longitude': -73.9961312441527}",493,4.0,10012
S9QZOR4UwfvYPPcHWfmNTw,Telly's Taverna,28-13 23rd Ave,"{'latitude': 40.775355401246, 'longitude': -73.9140461748688}",349,4.0,11105
WkPaDzqGSx0X7pFdIuWOww,Darna Restaurant,1090 Main St,"{'latitude': 40.8910767, 'longitude': -74.1561679}",45,3.5,07503
xXgkpFZzcnqBleLdQAmR0A,Pita Hot One,7543 Main St,"{'latitude': 40.72322, 'longitude': -73.8197236}",62,3.0,11367
BgXmo84dt_AoLlvZ22pe8g,Deniz Turkish Mediterranean Cuisine,662 Fulton St,"{'latitude': 40.6865844726562, 'longitude': -73.9756927490234}",263,3.5,11217
TMKUWtlTdXRyDBWgi0hl3w,Yasmeen,247 Piaget Ave,"{'latitude': 40.8803035787814, 'longitude': -74.1454234695392}",117,4.0,07011
wNHddK8107GQn1Yv9OKhFg,Grillera Mediterranean Cuisine,460 Pleasant Valley Way,"{'latitude': 40.8102964, 'longitude': -74.26047}",146,4.0,07052
qXvFF-V30Qf70xjY8BPOkQ,Koy Turkish Grill,647A Rt 18 E,"{'latitude': 40.4323437, 'longitude': -74.3871699}",323,4.0,08816
XP10UVLE_CgdidjHsAgc4g,Babaghanouge,143 Fulton St,"{'latitude': 40.710636, 'longitude': -74.007965}",4,2.5,10038
OaLbgr9ardChJ90u16Ik9g,Kazuza,107 Ave A,"{'latitude': 40.72602, 'longitude': -73.98393}",488,4.0,10009
6V67nWoMAmikODuyQNQ3fw,Honest Chops Butchery,319 E 9th St,"{'latitude': 40.7289505, 'longitude': -73.9861298}",102,4.5,10003
bgx0OYquBVo3W-vXdN9hmg,Mezza Westwood,22 Jefferson Ave,"{'latitude': 40.9898453, 'longitude': -74.0307963}",228,4.0,07675
BUmtymTHTj_bj7RNmuON3A,Cedar Tree Mediterranean Cuisine,650 Westwood Ave,"{'latitude': 40.995176, 'longitude': -74.008512}",35,4.0,07675
n7LwEbf0zsMapAcUtyyeVA,Medi Winebar,811 9th Ave,"{'latitude': 40.765861, 'longitude': -73.987418}",406,3.5,10019
mw-2zyzteB8CAnkWzNZqXw,Vernon Grille,48-20 Vernon Blvd,"{'latitude': 40.74356, 'longitude': -73.95412}",208,4.0,11101
_WcjDeOZlFmx_2Quh49j2g,Tzatziki Greek Grill,1 Huguenot St,"{'latitude': 40.91444, 'longitude': -73.77356}",186,4.0,10801
TKIUrwHA9y-beqY7uJQeag,Rose's Place,32-01 Broadway,"{'latitude': 40.9249204462653, 'longitude': -74.1040577563229}",127,3.5,07410
85TC7GGcL5HYKdteMXWyOQ,Colbeh,32 W 39th St,"{'latitude': 40.75207, 'longitude': -73.98402}",140,2.5,10018
dFOqcBPoaraV2SsN08dacQ,718 Hookah Lounge & Grill,72-13 Austin St,"{'latitude': 40.7191907, 'longitude': -73.8422334}",243,3.5,11375
awxuFWRMamhQGenCwg7cSQ,BZ Grill,2702 Astoria Blvd,"{'latitude': 40.7707089557698, 'longitude': -73.9213913349876}",645,4.0,11102
1FoeTuqJyPqhSCXjUNsWpA,Famous Kabab Cuisine,231 South Ave E,"{'latitude': 40.6499129612948, 'longitude': -74.3394414496156}",112,4.5,07090
5AJQ0zXD5cVR2vCiotdmbg,Istanbul Grill,310 W 14th St,"{'latitude': 40.73988, 'longitude': -74.00322}",129,3.5,10014
U1MkaYLx7PL8qZbgi4BsCQ,The Green Chicpea,59 Halsey St,"{'latitude': 40.74057, 'longitude': -74.17148}",186,4.5,07102
fKl-XzMrRQyW9tjg9mhIGA,Sinbad Cafe & Grill,20 Meadowlands Pkwy,"{'latitude': 40.79783, 'longitude': -74.0657}",110,4.0,07094
Axyh4tTY4dvGDJhIVBoALQ,Continental Foods Express,9024 Tonnelle Ave,"{'latitude': 40.813096, 'longitude': -74.010561}",6,4.5,07047
IuRFzTKQ24j9Abeh6u4Puw,Zendiggi Kebab House,228 Closter Dock Rd,"{'latitude': 40.972892196632, 'longitude': -73.9617515920654}",155,4.0,07624
Sxh9mGkaAGML2tfyNWRgmQ,Zamaan Hookah Bar and Restaurant,349 Broadway,"{'latitude': 40.70792, 'longitude': -73.95574}",151,3.0,11211
kDmGjuRFRX8Wfq5l-RqGSA,Ali Baba's Turkish Cuisine,862 2nd Ave,"{'latitude': 40.75236, 'longitude': -73.97001}",279,3.0,10017
jTvExXa9M8QqS_Wn_4KB5g,Harissa Grill,30-30 47th Ave,"{'latitude': 40.7430133, 'longitude': -73.9363643}",11,3.5,11101
ONXsF7KBawsPF4fvzSbd9g,Krichian's Grill & Bistro,399 Crooks Ave,"{'latitude': 40.8919572428493, 'longitude': -74.142263213745}",48,4.5,07503
Wm2HlpBm6naywFQdsezUew,Off The Grill,1348 Clifton Ave,"{'latitude': 40.85383148603, 'longitude': -74.1724397281115}",81,4.5,07012
mhdDsouVJldeaRaT2hlPoQ,King Falafel,71 US Hwy 46,"{'latitude': 40.893461299, 'longitude': -74.1237983108}",283,4.0,07407
j7kybDRH38FtOMdqd5fhIA,Lavash - Mediterranean Grill,114 Quimby St,"{'latitude': 40.6514, 'longitude': -74.34759}",26,4.0,07090
JG1XlvQ6s9ZC1yXeVLBh6Q,Europe Cafe & Grill,1 Highwood Ave,"{'latitude': 40.925964, 'longitude': -73.96392}",82,4.5,07670
o8KtWVBIVI9E3YYM5r0dPw,Damas Falafel House,407 Myrtle Ave,"{'latitude': 40.693359375, 'longitude': -73.9695205688477}",119,3.5,11205
uwpdpyLWVjA3aq4ypGrZQA,Flatbread Grill,517 Washingston St,"{'latitude': 40.742729, 'longitude': -74.028976}",105,3.5,07030
adVj40JtqlP9ZS64ZY0SsQ,Mishmish Cafe,215 Glenridge Ave,"{'latitude': 40.8139687, 'longitude': -74.2166824}",396,4.5,07042
QsNmb4ldqPSQamS4hNHdVg,Sultan Cuisine,429 Crooks Ave,"{'latitude': 40.8901634216309, 'longitude': -74.1491775512695}",71,2.5,07011
hmNxdAbt0tiGm8_vPdXCSA,Afghan Kebab House II,1345 2nd Ave,"{'latitude': 40.768066, 'longitude': -73.959243}",193,3.5,10021
qF54-ljC9cxXRK9VHPY4Mg,Juicy Platters Halal,23-16 Broadway,"{'latitude': 40.9224586, 'longitude': -74.1122378}",870,4.0,07410
jxfNkW2RkXhUW5_DwWEbHQ,Turkish Cuisine,631 9th Ave,"{'latitude': 40.7601402, 'longitude': -73.99170961}",334,3.5,10036
y5hYe1Zgf3F44qqnh7bxhA,Habiby's,499 Ernston Rd,"{'latitude': 40.4545016, 'longitude': -74.2945574}",80,3.0,08859
5JtSEryw2Yt8RT1Rm19ryQ,Taste & Sabor,318 W 231st St,"{'latitude': 40.88099, 'longitude': -73.90896}",47,4.0,10463
TPEkQX8Amp6Jb7FQmFKZxA,Gyro King,1017 Foster Ave,"{'latitude': 40.6322186, 'longitude': -73.9671913}",149,3.5,11230
J8y07uq-3U0zE4XeKuKx3Q,Layalina Resturant,1462 Main Ave,"{'latitude': 40.884573, 'longitude': -74.1488}",44,4.0,07011
xr5P1dq-2pfG4rag7kakDg,Abide Brooklyn Pita,301 7th Ave,"{'latitude': 40.6677219825185, 'longitude': -73.9807175472379}",96,3.5,11215
aRhOCDLhdmMqvwfu4Vglsw,Caffe Side Dish,1 Raymond Plz E,"{'latitude': 40.7339096254936, 'longitude': -74.163786541768}",5,4.0,07102
KRWMajn-8FFKBGv2s1Tyzw,La' Ziza Lebanese Cuisine & Hookah Lounge,341 Crooks Ave,"{'latitude': 40.89099, 'longitude': -74.14531}",282,3.5,07011
b-JkgfKGS71Zx-UcSBxing,Riman,141 Crooks Ave,"{'latitude': 40.8898784, 'longitude': -74.1537326}",2,3.0,07503
msLQTFzfsHUUr8UdLnQDTA,Champignon,202 7th Ave,"{'latitude': 40.74335, 'longitude': -73.99648}",258,3.5,10011
En0QvjJpAcf5wh-1tC9ZSQ,La Princesse,499 Ernston Rd,"{'latitude': 40.454687, 'longitude': -74.294346}",5,3.5,08859
ArgwH4dZIsDalmXmfasteA,Gyro Grill,783 Hamburg Tpke,"{'latitude': 40.9573783, 'longitude': -74.2235621}",175,4.5,07470
nnFTQ8gahMWmE1XYGL0lSw,Horus Too,416 W 46th St,"{'latitude': 40.76121, 'longitude': -73.9919}",211,3.0,10036
rUeQJeEYN4RrJnj4XUv8ZQ,Toros Restaurant,489 Hazel St,"{'latitude': 40.89286, 'longitude': -74.16385}",248,4.0,07011
FCJaZeBoeeM5F2ZhfzO0sA,Crave,28-55 36th St,"{'latitude': 40.765631, 'longitude': -73.9166717}",338,3.5,11103
df96gW2AY6hWWa8hq3nX8A,Fattal's Syrian Bakery,975-977 Main St,"{'latitude': 40.8948065082344, 'longitude': -74.1590547372955}",60,4.0,07503
9dv8_1ckGt6TLi9cJfhhSQ,Mazaj,1255 Madison Ave,"{'latitude': 40.898864, 'longitude': -74.162177}",109,2.5,07503
TmKOAdfxucvj6e1EYjHcKw,Beyond Pita,82 Church St,"{'latitude': 40.8148590256261, 'longitude': -74.2219932365319}",162,4.0,07042
XW1B1MN3tXuL9DYp3l80xQ,Yummy Gyro,82 Main St,"{'latitude': 40.8303897, 'longitude': -73.6886084}",349,4.5,11050
_zF9eFWqSONOhlabdOgwfA,Rivoli Pizzeria,2193 Morris Ave,"{'latitude': 40.6985617, 'longitude': -74.2787437}",12,3.0,07083
lhZjfLI__JEJovJed9NeHw,The Halal Guys,621 NJ-18,"{'latitude': 40.435216, 'longitude': -74.390372}",394,3.5,08816
NaWR-AyQDyOeukDz_t1zew,King of Shish Kabab,932 McBride Ave,"{'latitude': 40.8935907, 'longitude': -74.2030434}",114,4.0,07424
iXYaj__C3lEMMbCEEiuGZQ,Theater Cafe,106-03 Metropolitan Ave,"{'latitude': 40.7098972052336, 'longitude': -73.8469883054495}",82,3.5,11375
WrosSu0SDPeTnzcGjIikfw,La Lune,103 Ave A,"{'latitude': 40.7258067280054, 'longitude': -73.9837789535522}",9,3.0,10009
abOk06YhZwgXf-ygOE6tgw,Melody Cafe,2595 Steinway St,"{'latitude': 40.7655448913574, 'longitude': -73.9132919311523}",305,1.5,11103
PHSLZyubSphIawCILX-Kcg,Baraka,976-978 Main St,"{'latitude': 40.8944199, 'longitude': -74.1595}",58,3.0,07503
L-0kBMMibv1iZbbz-uPv3g,Roti Modern Mediterranean,142 E 43rd St,"{'latitude': 40.7515315, 'longitude': -73.9745342}",224,4.0,10017
ceZ0AoGFNZlgt8MIspfUYQ,Al-Kumah,970 Main St,"{'latitude': 40.89458, 'longitude': -74.15966}",82,4.0,07503
S-wgHMUZ_eODGFabjSSpMQ,Jackie and Son,134 S Orange Ave,"{'latitude': 40.7451551, 'longitude': -74.2554328}",139,4.5,07079
tNTXNCUta735nGb0nfSrKQ,The Casbah - Halal Cart,66th St & Columbus Ave,"{'latitude': 40.773737186292, 'longitude': -73.9817136526108}",262,4.5,10023
tzQ2X5EpaieLQviHb-_S_g,Falafel Hut,213 Bellevue Ave,"{'latitude': 40.84119, 'longitude': -74.20705}",238,4.0,07043
MF-YXGf70Llvu_I-4aI-Gw,BosphoRus Restaurant,215 E Hartsdale Ave,"{'latitude': 41.01182, 'longitude': -73.795742}",86,3.5,10530
3V4krNKGDMefIY8N-7F7CA,Chicken & Rib Crib,387 S Washington Ave,"{'latitude': 40.91477, 'longitude': -73.99705}",79,1.5,07621
MH19j0rBl1hvNR-tLyffgw,Mediterraneo,23 N Broad St,"{'latitude': 40.9803334, 'longitude': -74.1200646}",164,3.5,07450
LQ41_AlKorPkr0jsOPzFvQ,Grill House,1068 Main St,"{'latitude': 40.89177, 'longitude': -74.15705}",26,2.5,07503
fGSCeP4hRTA1ME5bMLahWg,Alaeddin's Pizza,600 Getty Ave,"{'latitude': 40.8888945262304, 'longitude': -74.1497305251312}",29,3.5,07011
