eBljpfHpo3m6oc5SFw-mLw,Falansai,112 Harrison Pl,"{'latitude': 40.70676, 'longitude': -73.92877}",217,4.0,11237
AILf_L7I9vJ2pyHmSo9v8Q,OBAO,222 E 53rd St,"{'latitude': 40.757122, 'longitude': -73.968566}",943,3.5,10022
9FGJyUgdwLJHioLqz6tXfQ,Num Pang Kitchen,1129 Broadway,"{'latitude': 40.743441, 'longitude': -73.989266}",456,4.0,10010
diOj0F4AZuiqzNTu-z3hOQ,Banhmigos,4018 Hylan Blvd,"{'latitude': 40.54152, 'longitude': -74.14622}",50,4.5,10308
g5WYJfH0hWggmdYG2oxsMw,Pasteur Grill & Noodles,85 Baxter St,"{'latitude': 40.71667, 'longitude': -73.99974}",268,3.5,10013
HOZsJkXLEWMy03TOMaH0jQ,The Pho 2,273 8th Ave,"{'latitude': 40.7457768, 'longitude': -73.9983051}",170,3.5,10011
BJn68qCExYQrPCT7CeOpzw,Moon Star Grill,3519-25 Johnson Ave,"{'latitude': 40.8861089331436, 'longitude': -73.909908766271}",103,4.0,10463
fJW2CdsqXrKRtaHqoZoeHg,Jad Jaan Thai Vietnamese,83 Audubon Ave,"{'latitude': 40.84124, 'longitude': -73.93768}",25,4.0,10032
Fz5shOVBZ4CF5xUKTq5PqQ,Bối-licious,160 E 44th St,"{'latitude': 40.752174, 'longitude': -73.97395}",4,4.5,10017
ZcsnsOliO2KIH29RazZoIw,Nicky's Vietnamese Sandwiches,554 Lorimer St,"{'latitude': 40.713472721345, 'longitude': -73.9491955563426}",98,3.5,11211
zdB4nA0Xpyxhi5oIt6wVng,JoJu,555 5th Ave,"{'latitude': 40.7558, 'longitude': -73.97874}",123,4.5,10017
MD-GiizNpmFbuDIdKGzXnA,Mekong,917 Columbus Ave,"{'latitude': 40.7984, 'longitude': -73.96326}",60,4.0,10025
wsMThqit2caUREhOMCOyAQ,Thanh Huong Restaurant,533 West Side Ave,"{'latitude': 40.71919, 'longitude': -74.08307}",136,4.0,07304
4309N8881V2xz_jI0hUIog,Original Nicky's Vietnamese Sandwiches,209 Avenue A,"{'latitude': 40.72968, 'longitude': -73.98107}",54,4.5,10009
dnhEMFIYnkF0ke5oWv9hMg,BAMBU,124B Hester St,"{'latitude': 40.71697, 'longitude': -73.99471}",47,4.5,10002
QMjwVS8CAJ72T5PLiSx3GA,Sweet Chili,1045 Flushing Ave,"{'latitude': 40.70419, 'longitude': -73.93044}",107,4.0,11237
UywnLm6N3GtmZG3RWNHmUA,I Luv Pho II,82-20 45th Ave,"{'latitude': 40.74151, 'longitude': -73.88209}",12,4.0,11373
bOMofoDVsNxAdv8th8HPEA,Home,349 5th Ave,"{'latitude': 40.672176, 'longitude': -73.983954}",67,3.5,11215
sKIYGvENchifk1YwFe77pA,Saiguette,935 Columbus Ave,"{'latitude': 40.79902, 'longitude': -73.96281}",627,4.5,10025
owKe1hapqCCLnme2Xr3mrA,Spice Noodle,1509 Lexington Ave,"{'latitude': 40.786726, 'longitude': -73.949952}",64,3.5,10029
HkTeodZ690Lkukhui4INlA,BONMi,119 E 23rd St,"{'latitude': 40.73995, 'longitude': -73.98538}",108,3.5,10010
utItnelwAbkxF6GGHVopSg,Pho Hoang,41-01 Kissena Blvd,"{'latitude': 40.7584358006716, 'longitude': -73.8293903321028}",227,3.0,11355
Xw34tTIGTE0WdWVmXc02Vw,Money Cat,554 Wilson Ave,"{'latitude': 40.690851, 'longitude': -73.90883}",24,4.5,11207
WpfuHkTsiRN2EerQ8ZaG4g,Saigon Cafe,188 Newark Ave,"{'latitude': 40.72164, 'longitude': -74.04574}",359,4.0,07302
7xyLHOYIfoY6H5TOYwCuow,Pho Metro,31-16 Farrington St,"{'latitude': 40.7685908, 'longitude': -73.8336384}",350,4.5,11354
a_gZcWqimP6iTMM49MeYAQ,Bunker Vietnamese,445 Albee Square W,"{'latitude': 40.691128, 'longitude': -73.983178}",32,2.0,11201
fkTU2T7UhSqzrcA5bKnyKQ,Pho Best,42-35 Main St,"{'latitude': 40.7546369, 'longitude': -73.8276945}",275,4.0,11355
1MqGlFP3b7H77fzUkJMKgw,Mooncake Foods,112 6th Ave,"{'latitude': 40.7237776, 'longitude': -74.004562}",517,4.0,10013
poohyIxjSBu4p0WVRGaLrg,SoHo Eatery,273 Canal St,"{'latitude': 40.719167, 'longitude': -74.001174}",24,4.0,10013
a-Bq_yXFVk2PptoWpmry3w,Pye Boat Noodle,35-13 Broadway,"{'latitude': 40.76043, 'longitude': -73.92152}",830,4.0,11106
rdo_6F3iH2exAHqSsc6j-A,Mama Pho,172 Bedford Ave,"{'latitude': 40.71816, 'longitude': -73.95754}",82,3.5,11249
Hnj8w5j6eaIt2NiSQc7TGg,Indochine,430 Lafayette St,"{'latitude': 40.72917, 'longitude': -73.99227}",388,3.5,10003
ldE6TJ4lo1OIg0eCig3ICg,BONMi,150 W 62nd St,"{'latitude': 40.7715683, 'longitude': -73.9849167}",176,3.0,10023
kO9i3CgTgKys8WDlCOUyGQ,Nha Trang Centre,148 Centre St,"{'latitude': 40.717339, 'longitude': -74.000672}",290,3.0,10013
J0T7m_iMbTi-g2G23XdY8w,Mama Pho,685 Manhattan Ave,"{'latitude': 40.72504, 'longitude': -73.95165}",15,3.0,11222
_7Maf5WG682E7R-EHSz18w,Bangklyn East Harlem,2051 2nd Ave,"{'latitude': 40.7903, 'longitude': -73.94307}",119,4.5,10029
rnioN9LciPxkfKo799QRCQ,U Bar & Restaurant,1114 Ave U,"{'latitude': 40.598165, 'longitude': -73.960569}",47,4.0,11223
wuKyN4At84CE8wPOC8uvjw,Pho32 & Shabu,4534 Bell Blvd,"{'latitude': 40.75927, 'longitude': -73.76918}",302,3.0,11361
_nloHouWAuEw7g7SgbAWOQ,ChowTime,1418 Mermaid Ave,"{'latitude': 40.576542, 'longitude': -73.982036}",45,4.0,11224
4xOPFgrVjxKmRPlfKH-Meg,Binh Duong,61 Belleville Ave,"{'latitude': 40.7974008, 'longitude': -74.1816965}",627,4.0,07003
r-izNItUH4ugnFodUOZX2A,International Wings Factory,1762 1st Ave,"{'latitude': 40.7801834538692, 'longitude': -73.9467542692273}",449,4.5,10128
83BXSwE0166sObnXLUE4bQ,Land,450 Amsterdam Ave,"{'latitude': 40.78497, 'longitude': -73.9772182}",1056,4.0,10024
WMpuPDhPXsbRdhTzGIhaQw,Ai Pho and Vermicelli,515 Jersey Ave,"{'latitude': 40.7204897651981, 'longitude': -74.0470005202039}",122,3.5,07302
voYy9QZTDunjjXNpl9jJIQ,Binh Duong II,1134 Liberty Ave,"{'latitude': 40.693202, 'longitude': -74.2375441}",164,4.0,07205
QnVthAISq853Ctqz4aNpsQ,Pho Ninh Kieu,73 New Rd,"{'latitude': 40.8569952, 'longitude': -74.3487368}",353,4.5,07054
W8ZNzkFfHzKKfs6JGrMKLw,Brother's Asian Cuisine,8621 4th Ave,"{'latitude': 40.62209, 'longitude': -74.02844}",16,4.0,11209
TeuNm5ep4iuiXEFjAQmMmQ,Saigon Market,2465 University Ave,"{'latitude': 40.8646010914887, 'longitude': -73.9040801301599}",4,4.0,10468
kAUtrwzYAO55nyCaYIlYnA,Thanh Da II,5624 8th Ave,"{'latitude': 40.63736, 'longitude': -74.00783}",126,4.0,11220
4wfFugovobVrqSQ77ppjaQ,Uncle Chop Chop,7 Cornelia St,"{'latitude': 40.7316883151894, 'longitude': -74.0016427455464}",65,4.0,10014
0DagPXrDResqZYEIqJSvgg,Pho Master,W 40th St 6th Ave,"{'latitude': 40.7535516, 'longitude': -73.9850215}",12,4.5,10018
DauDrnNt-P2Q0b1UMxA58A,Simply Vietnamese,1 Highwood Ave,"{'latitude': 40.92598, 'longitude': -73.96388}",314,4.0,07670
LBqKeFtF874XRKrrlcDHLg,Pâté,45-43B Bell Blvd,"{'latitude': 40.7590661, 'longitude': -73.768654}",312,3.5,11361
-OixbLnFLCzQclxCSbUQ8w,Up Thai,1411 2nd Ave,"{'latitude': 40.7698275926665, 'longitude': -73.9576330868512}",2332,4.5,10021
TWB-ECmo4GaqpiFiKDT27w,Pho One,181 US Hwy 1 S,"{'latitude': 40.55004683, 'longitude': -74.3227875}",111,4.5,08840
6wJOojpF2c4lLeBNbTBB0A,Baoburg,614 Manhattan Ave,"{'latitude': 40.7234929271998, 'longitude': -73.9503321851175}",229,4.0,11222
fBQvUemE3OVI1NAZt5KDFA,Pho Saigon,296 Main St,"{'latitude': 40.8876794664474, 'longitude': -74.0409277752042}",84,4.5,07601
NBTIngamQxYAx2UEabDJNA,Pho 7,530 9th Ave,"{'latitude': 40.75669, 'longitude': -73.99369}",39,4.0,10018
IGjdEM0s4WfOYrMSzO6q9Q,KROK Brooklyn,117 Columbia St,"{'latitude': 40.68761, 'longitude': -74.0013}",71,4.5,11231
K8hV-gLeOyQejhP9QnLw-w,Saigonese,158 S Central Ave,"{'latitude': 41.01368, 'longitude': -73.80389}",224,3.5,10530
B9Mbi12NpBJkZcRtQNtMBA,Malaysia Grill,224 W 104th St,"{'latitude': 40.79948, 'longitude': -73.96775}",288,4.0,10024
7YxyC11C6gTKGg2qoiF4XQ,Banh Mi Cart,Pearl St & Hanover Sq,"{'latitude': 40.70455, 'longitude': -74.0094699}",129,3.5,10038
MRzv1MW8M66vkHA8npV9lw,Mekong Thai & Vietnamese Restaurant,15632 Northern Blvd,"{'latitude': 40.7631764348359, 'longitude': -73.80898}",360,3.0,11354
r_BQKeS-hYV5riDildSksQ,Pho 420 Saigon,135 Broad Ave,"{'latitude': 40.84541, 'longitude': -74.00002}",6,3.5,07650
TzhAlljC_843JO7UDDUIaQ,The Tang - Upper West Side,920 Amsterdam Ave,"{'latitude': 40.80006, 'longitude': -73.96639}",212,4.5,10025
j_ZrSx68CG5I1SLhyMQASg,Vietnam's Central,694 Central Park Ave,"{'latitude': 40.9983675, 'longitude': -73.8152359}",243,4.5,10583
egCy0HLa1rb7eCJIOULCbg,Creep City Ninja Bubble Tea,265 Graham Ave,"{'latitude': 40.711205, 'longitude': -73.944072}",27,3.5,11206
J_bnqjqmjr1NuaJ0bRclxA,Roll Play,90 Kent Ave,"{'latitude': 40.7214853, 'longitude': -73.9621174}",10,4.0,11211
FvsFSGzbmV56gqtYY4ZfQQ,La Mian Lounge,25-12 Broadway,"{'latitude': 40.7631278063422, 'longitude': -73.9279485723007}",65,4.5,11106
dH54zMwDvIc0pBauEBNsXQ,Battambang Market,229 E Kingsbridge Rd,"{'latitude': 40.865021, 'longitude': -73.893517}",5,4.5,10458
irRF-5aowSiEycwkKGw3Jw,Pho Today - East Rutherford,75 NJ-17,"{'latitude': 40.83088583, 'longitude': -74.09336567}",138,4.0,07073
ebhDBwRzD--eoiYcO8M18g,Pho Thai Lao Kitchen,219 Maywood Ave,"{'latitude': 40.8956216750601, 'longitude': -74.0658308645348}",303,4.0,07607
cY2klgqMgSSWV2FwdZ1daQ,Pho Times,136 Talmadge Rd,"{'latitude': 40.53341, 'longitude': -74.39433}",18,4.5,08817
yCJHIM-PWl54K53ACOpoNg,Hug Esan,77-16 Woodside Ave,"{'latitude': 40.7436465, 'longitude': -73.8873753}",161,4.5,11373
bVf4U0rRhQmTS8hfRV6f8Q,Great 8 Restaurant,5906 8th Ave,"{'latitude': 40.6359522941272, 'longitude': -74.0091335138677}",25,2.0,11220
sCbkm45j6pKBpq8gxd12LA,Pho Today - Fort Lee,2151 Lemoine Ave,"{'latitude': 40.85629, 'longitude': -73.967265}",177,3.5,07024
Dj0jblwuWTftL1D7_Kun6Q,Noodles 28,417 3rd Ave,"{'latitude': 40.74261, 'longitude': -73.97997}",203,3.0,10016
BM5JJQa_67CRfpKWBg1igQ,Addictive Bánh Mì,3264 87th St,"{'latitude': 40.756401, 'longitude': -73.8808843}",10,4.0,11369
5a9rnHJ0FMxEJGgb5WMLIg,Pho Choice,184-22 Horace Harding Expy,"{'latitude': 40.7396739513779, 'longitude': -73.7898179987494}",60,3.0,11365
pb_cHcy8D8UC-jQ-Q524ug,Som Bo,143 8th Ave,"{'latitude': 40.74192, 'longitude': -74.00136}",223,4.0,10011
LXYKrjYofm3CopUg3hSH2g,Pho Best II,39-07 Prince St 1 G,"{'latitude': 40.75945, 'longitude': -73.83195}",231,3.0,11355
2AcDHuatOFXhqJDedZwGiA,Tung Thong Thai Restaurant,561 W 169th St,"{'latitude': 40.8414062274416, 'longitude': -73.9386532729438}",294,3.5,10032
bzGe51q5j1AvKG7DbDZk5g,Bay House Bistro,574 Bay St,"{'latitude': 40.6278259, 'longitude': -74.0764928}",70,3.0,10304
tlvSvcjIynFDFKvYQdy3KQ,Pho Binh Duong,744 Rte 46 W,"{'latitude': 40.8640923074863, 'longitude': -74.3732952104409}",89,4.5,07054
rPTX2J5KGDkN1QhPD-QOvg,Bites of Xi'an,318 Livingston St,"{'latitude': 40.6880326, 'longitude': -73.9819963}",143,4.5,11217
OE9bjWdWyo530-Nj3dIILw,Pho Nomenon Noodle & Grill,516 Washington St,"{'latitude': 40.7428751762768, 'longitude': -74.0294773458093}",245,3.0,07030
MhceeLrM2_3mcKw5EGLY6A,Pure Thai Cookhouse,766 9th Ave,"{'latitude': 40.764291, 'longitude': -73.988159}",2548,4.0,10019
f86bFN-WQa75JnOrAy6CKQ,Gia Lam,4810 8th Ave,"{'latitude': 40.64211, 'longitude': -74.00304}",140,3.5,11220
ROxxwK6YJOge2x8Gs-ZpvQ,Bia Vietnamese Restaurant & Bar,271-12 Union Tpke,"{'latitude': 40.7517708, 'longitude': -73.7025836}",170,3.5,11040
eDRSevocSLUp-jomsORstw,Pho Minh's,430 N Wood Ave,"{'latitude': 40.63284, 'longitude': -74.2566917}",300,4.0,07036
oiDqJz0xavfUpFwCuDfUJw,Pho32 Shabu Shabu,225 Broad Ave,"{'latitude': 40.84661, 'longitude': -73.99931}",85,3.5,07650
3DVKbi5cSLMlmph43RF_kA,LuAnne's Wild Ginger All-Asian Vegan,112 Smith St,"{'latitude': 40.687936, 'longitude': -73.989925}",351,4.0,11201
-Q8MYIWoE4EsGQtudIOY0w,Bua Thai Ramen & Robata Grill,1611 2nd Ave,"{'latitude': 40.7763615, 'longitude': -73.95308}",761,4.5,10028
V8irEvNRykpaDfRcn8j04Q,Crystal’s Corner,27-20 Jackson Ave,"{'latitude': 40.74753, 'longitude': -73.94032}",4,3.0,11101
ADt4Wp-0XkSLXQ2nWoDnaw,Meet Rice,717 60th St,"{'latitude': 40.63663, 'longitude': -74.01112}",29,3.0,11220
feY7PgoRjCp2qReaIitRkQ,Boran,462 Court St,"{'latitude': 40.6782327, 'longitude': -73.998062}",175,4.5,11231
nxTEuWKzkK1tCF4LrhFSUQ,Pig and Khao,68 Clinton St,"{'latitude': 40.71926, 'longitude': -73.98475}",1655,4.0,10002
XixegGx6pdU_H0MWWqN1_w,GAI Chicken & Rice,158 E 45th St,"{'latitude': 40.7526876, 'longitude': -73.9734071}",113,4.0,10017
kDHeTTSIdDf5IV0dJfpd8w,Saigon Pho,354 Rt 10 W,"{'latitude': 40.804324, 'longitude': -74.362192}",202,3.5,07936
V6ry80XYdd_n__yyWN82nA,Angelo Grill Chicken House,270 W 36th St,"{'latitude': 40.7532902547787, 'longitude': -73.9923572620061}",111,4.0,10018
JRmQRFEEnSUdAcesHun9AQ,ICHIRAN - Brooklyn,374 Johnson Ave,"{'latitude': 40.707587, 'longitude': -73.933271}",1147,3.5,11206
zpAfUYY5mghj9I5Lt-4MwA,Chef Pho & Peking Roast Duck,858 8th Ave,"{'latitude': 40.76314, 'longitude': -73.98512}",134,2.5,10019
Z9t-ou4JhiBu-n4-F7hDng,Meet Noodles,50 3rd Ave,"{'latitude': 40.731042, 'longitude': -73.989207}",202,4.5,10003
IYwz7ck1OZCoZqW0F31pLg,MISC,758 Franklin Ave,"{'latitude': 40.672706, 'longitude': -73.95753}",147,4.0,11238
FXFQJmhK6elesopXdhjvFQ,Amber,103 W 70th St,"{'latitude': 40.7764053344727, 'longitude': -73.9798736572266}",111,4.0,10023
6Kn4FLhE-HmXWgva7CVZpg,Pho Da Nang,960 US Highway 9,"{'latitude': 40.463537, 'longitude': -74.29738}",178,4.0,08879
EbX_9tqAJs4gW51gZpOB7g,Rasa,25 W 8th St,"{'latitude': 40.7327654, 'longitude': -73.9975674}",728,4.0,10011
R8V6kbUtyfPAwNNu46vMvg,Tonii’s Fresh Rice Noodle,83 Bayard St,"{'latitude': 40.715608, 'longitude': -73.998949}",89,4.5,10013
IIdmfeXU9Mh2lTsJQOceBA,Pho Anh Dao,775 US Hwy 1,"{'latitude': 40.513017, 'longitude': -74.384314}",220,4.0,08817
2wVirrAVg3ltAFHoHeXHMQ,Dim Sum Palace,59 2nd Ave,"{'latitude': 40.7259, 'longitude': -73.98986}",168,4.5,10003
HLDKZXsi7TQ0P3rS2wd-UQ,SEAK,725 River Rd,"{'latitude': 40.818223, 'longitude': -73.977102}",439,4.0,07020
M-odQWSEfsR2mVEw7nKG-g,Nyonya,199 Grand St,"{'latitude': 40.7190148, 'longitude': -73.9968228}",2089,4.0,10013
_GWDuK2ogscvTHQTRwMf-w,P.F. Chang's To Go,240 W 40th St,"{'latitude': 40.7552667, 'longitude': -73.9917708}",3,3.5,10018
CpkH4QBm7V6AQ4CztQ6fcw,Dumpling Legend,176-61 Union Tpke,"{'latitude': 40.7261295, 'longitude': -73.7912296}",103,3.5,11366
jyt3oRV7Ymp8XbMeD3UpBw,Ma Mi Eatery,546 Durie Ave,"{'latitude': 40.9725485166492, 'longitude': -73.9616718515754}",134,4.5,07624
l9QRnQ_T27yu1Cv8LHQnvA,Supreme Dumpling,61-42 Springfield Blvd,"{'latitude': 40.7483779, 'longitude': -73.756502}",59,2.5,11364
RdGWCbcxA79G1ZMPVL3SGQ,Nora Thai,176 N 9th St,"{'latitude': 40.71864, 'longitude': -73.95625}",76,4.0,11211
nI1UYDCYUTt23TpGxqnLKg,Buddakan,75 9th Ave,"{'latitude': 40.7422762672197, 'longitude': -74.0048000961542}",3997,4.0,10011
i-ptpK_yL0oIaDIBM2L9PQ,Saigon Cafe Millburn,286 Essex St,"{'latitude': 40.72412, 'longitude': -74.30863}",239,4.5,07041
B3_K2kUVbYOU0VaLcj_LTw,Thai Villa,5 E 19th St,"{'latitude': 40.73902, 'longitude': -73.99065}",3440,4.5,10003
r2JVKalbucGf2nryywuL2w,Kopitiam,151 E Broadway,"{'latitude': 40.71387, 'longitude': -73.99091}",668,4.0,10002
TwxP5xU_xyzlf7SVzCnpuA,Proong Noodle Bar,347 1st Ave,"{'latitude': 40.73528, 'longitude': -73.98003}",152,4.5,10010
r7x6Ov3WaCLqrl9pCxJh2A,Short Grain,183 Montgomery St,"{'latitude': 40.717208, 'longitude': -74.042961}",319,4.0,07302
itH4GH2Mw2D5n5kkQAtMog,Abiko Curry,2 W 32nd St,"{'latitude': 40.74721, 'longitude': -73.986192}",806,4.0,10001
fWX7sIzv_WTgZXdSwxYBPg,Yong Kang Street,888 6th Ave,"{'latitude': 40.748187, 'longitude': -73.988737}",122,4.0,10001
7hh2eP4HVkyjtpcqeITk3Q,Ollie's Noodle Shop & Grille,2705 Broadway,"{'latitude': 40.79942, 'longitude': -73.96868}",167,3.0,10025
No4ny0agfERlycMQwkLD4w,Purple Yam,1314 Cortelyou Rd,"{'latitude': 40.6402061280108, 'longitude': -73.9656538486476}",428,3.5,11226
lGLeaVcg7U4tOfJFhVqGng,Sky Cafe,8620 Whitney Ave,"{'latitude': 40.7419, 'longitude': -73.87838}",100,4.5,11373
xVduej7-JiPrZzsFXIkIDw,Lazy Siu's,742 Driggs Ave,"{'latitude': 40.71261, 'longitude': -73.96077}",32,5.0,11211
S2b7VCymh4W4iLveuRnOgg,Love Pho,174 2AVENUE,"{'latitude': 40.7304, 'longitude': -73.9860999}",7,3.0,10003
BKABojUN3G9vUrG3AlDZgQ,Wild Ginger,182 N 10th St,"{'latitude': 40.718859, 'longitude': -73.955371}",151,4.0,11211
i8ejDDR4COtukAAA1Ls5fw,Soba-ya,229 E 9th St,"{'latitude': 40.7296485900879, 'longitude': -73.9878845214844}",1471,4.0,10003
2UxAkvKkkWNwqZi9H0OzWw,Dian Kitchen,435 E 9th St,"{'latitude': 40.72772, 'longitude': -73.98321}",227,5.0,10009
oS1e-zZ_qzZNIUEp3FYHhQ,Yummy Thai,4959 Broadway,"{'latitude': 40.86808, 'longitude': -73.9205}",386,3.0,10034
PPQSf_1JWkbjFHi1S0nSNA,Lamoon,8140 Broadway,"{'latitude': 40.742890245749, 'longitude': -73.883034010715}",265,4.5,11373
jSPUIc5uRtqCCmhBFkuFlw,Pho Get About Mi,353 W 14th St,"{'latitude': 40.7408261, 'longitude': -74.0047136}",2,3.0,10014
dtk1Cstz5MHr-B1AOM_nXA,Gyu-Kaku Japanese BBQ,805 3rd Ave,"{'latitude': 40.75537, 'longitude': -73.97054}",1181,4.0,10022
S512I5MZG1xQQQIJNi15Uw,TC's Little Taste of Saigon,419 Goffle Rd,"{'latitude': 40.97592, 'longitude': -74.14587}",192,4.0,07450
TV8v5BQXMprtMwhkUXjLdw,Hong Kong Kei One,4207 Hylan Blvd,"{'latitude': 40.5376089, 'longitude': -74.1503651}",83,4.5,10308
Vzx-7-jSEBz2g8NuGVhHvQ,Philippe By Philippe Chow,33 E 60th St,"{'latitude': 40.76409, 'longitude': -73.97039}",710,3.5,10065
iUEvASoukxI6vrCYWYyK8g,Kati Shop,162 E 55th St,"{'latitude': 40.75899, 'longitude': -73.96883}",162,4.5,10022
qqDTxoY0r2ZQDwDvuAc1Ig,Opho House,1876 State Rte 27,"{'latitude': 40.515184, 'longitude': -74.40135}",60,4.5,08817
_94vfFroevCsC4plhWnvjw,Num Pang Kitchen,225 Liberty St,"{'latitude': 40.712455, 'longitude': -74.015304}",185,3.5,10281
BtVnZmPY51ZWGY63-mzJ7A,ON,110 Madison Ave,"{'latitude': 40.74502, 'longitude': -73.98513}",149,4.5,10016
H5QnLri9HsNsW6smb7digQ,Wangs,671 Union St,"{'latitude': 40.6772587448359, 'longitude': -73.9825364202261}",259,4.0,11215
TU_BU9HLflYI2xlyqVQdRA,TAO Uptown,42 E 58th St,"{'latitude': 40.76269, 'longitude': -73.97147}",2601,3.5,10022
gcEMZjjqy5Ucnv_5Pv-q1g,Tasty Hand Pulled Noodles II,648 9th Ave,"{'latitude': 40.760537, 'longitude': -73.990782}",305,4.0,10036
iSjPBJRiWqrgxW7ZM3CGig,Birds of a Feather,191 Grand St,"{'latitude': 40.71442, 'longitude': -73.960441}",357,4.0,11211
G4qZvheX74VwYvek7I8iQg,Buntopia,994 Broadway,"{'latitude': 40.69598, 'longitude': -73.93398}",301,4.5,11221
xEDD2ScBU3jHhWxlMC7dkQ,Nougatine at Jean-Georges,1 Central Park W,"{'latitude': 40.76891, 'longitude': -73.98176}",1131,4.0,10023
oWBDdSamOzxMJzsD_-seXg,Noodies,830 9th Ave,"{'latitude': 40.7662850538302, 'longitude': -73.9866788007826}",501,4.0,10019
qd9_gxrmskbOT6OLN9sShA,Dock Asian Eatery,22 Wyckoff Ave,"{'latitude': 40.70628, 'longitude': -73.92274}",139,4.0,11237
pWywDImlX0n_XKPNg0Bizg,Sunny and Annie's,94 Ave B,"{'latitude': 40.724653, 'longitude': -73.981702}",490,4.5,10003
qrydcGQpeDP_1oFvx3qOeg,Somtum Der,85 Ave A,"{'latitude': 40.7252151982238, 'longitude': -73.9842741682317}",745,4.0,10009
RRNU27hv8rhBYx-mOinwRA,Hokkaido Ramen Santouka,595 River Rd,"{'latitude': 40.81627, 'longitude': -73.97983}",675,4.0,07020
U74_3F7r3tMhd6dmTmDBxQ,Macao Trading,311 Church St,"{'latitude': 40.719623, 'longitude': -74.003904}",758,4.0,10013
B7bxdtvLYR7Nmex4AIFd4w,RedFarm,2170 Broadway,"{'latitude': 40.782051, 'longitude': -73.980415}",615,3.5,10024
9AkyWQ2Mfy06bJc7uG_LVA,Binh Duong IV,255 Pascack Rd,"{'latitude': 40.985081, 'longitude': -74.0631964}",25,3.5,07676
WJS06XxRdc6DD1s4LWE9HA,Fish Cheeks,55 Bond St,"{'latitude': 40.7258, 'longitude': -73.9927}",679,4.5,10012
JTFLpGaJtq0aI4oCajAyEQ,I Luv Pho,37-11 Main St,"{'latitude': 40.7613116, 'longitude': -73.8308122}",16,4.0,11354
45FNUJHvK2RblkM7PLpRAg,Pho Hana,20 E Columbia Ave,"{'latitude': 40.8423755, 'longitude': -74.0009823}",82,3.5,07650
RH6kTt81G4OdWP603LnoDQ,Pho Best III,83-02 Broadway,"{'latitude': 40.74083, 'longitude': -73.88012}",134,2.5,11373
7erFgHiQmw7ZJfVPmOjeeA,M Shanghai Bistro & Garden,292 Grand St,"{'latitude': 40.71293, 'longitude': -73.95757}",431,3.5,11211
f1Q1n_dLzCvqU-dq0EBNsQ,Asian Gourmet,57-11 Main St,"{'latitude': 40.7461675, 'longitude': -73.8261072}",111,3.5,11355
ev6e12vhY_0y4qE1cRhv0A,Udon Izakaya West 46 Midtown,150 E 46th St,"{'latitude': 40.7535446865563, 'longitude': -73.9735724478504}",1033,4.0,10017
zb78ua-FlfFRj8v082giBw,Jimmy's House,162 E 25th St,"{'latitude': 40.74016, 'longitude': -73.98256}",127,3.5,10010
rKeLuHDI3PQZsPSVCEMHtw,Wondee Siam,792 9th Ave,"{'latitude': 40.76495, 'longitude': -73.98747}",1016,4.0,10019
oe8GEFE4QLFAKt87y7zcgA,Very Fresh Noodles,409 W 15th St,"{'latitude': 40.74207, 'longitude': -74.00565}",1008,4.5,10011
jE5_yPypanQLdYe7-f__dA,Toad Style,93 Ralph Ave,"{'latitude': 40.68687, 'longitude': -73.92336}",385,4.0,11221
0L03onqNwxWLrbb_FCK79A,SriPraPhai Thai Restaurant,64-13 39th Ave,"{'latitude': 40.7464987, 'longitude': -73.8992328}",2358,4.0,11377
enDIsmxSG2bQccQWgGNcbg,Takumen,5-50 50th Ave,"{'latitude': 40.74259, 'longitude': -73.9546699}",195,4.0,11101
zj4vqgljRhxwWlvttgFRKQ,wagamama - nomad,210 5th Ave,"{'latitude': 40.74336, 'longitude': -73.98873}",886,3.5,10010
Rwtv0CMqLOmpw0iWzTOF2A,Phobu,1645 Lemoine Ave,"{'latitude': 40.85029, 'longitude': -73.97076}",294,3.5,07024
H1jops1lmuhrq9lP7lEGJQ,Flor De Mayo,484 Amsterdam Ave,"{'latitude': 40.78609, 'longitude': -73.97658}",1188,4.0,10024
eQKYZWnBjPUjINAnFmrmbA,P.F. Chang's,10 Port Imperial Blvd,"{'latitude': 40.7802677928232, 'longitude': -74.0095958081818}",468,2.5,07093
eS9mTLlWwu_Ap2ROMQWPxg,Chuko,565 Vanderbilt Ave,"{'latitude': 40.680784, 'longitude': -73.967455}",1065,4.0,11238
dUfTg2SJ2nH48J8VhAuZ_A,My Noodle Station,19 Eldridge St,"{'latitude': 40.714047, 'longitude': -73.9937693}",39,4.5,10002
ynIx549QFj29o84y1RSGyw,Bao Bao Cafe,61 Lexington Ave,"{'latitude': 40.740829, 'longitude': -73.983474}",466,4.0,10010
ucWrNKS65jUVK6ICUoHC8Q,Bangkok Cuisine Upper East Side,1586 2nd Ave,"{'latitude': 40.77537, 'longitude': -73.95335}",284,4.0,10028
p2zm0HnXZkI2yCAuYLb45g,Thai Market,960 Amsterdam Ave,"{'latitude': 40.80132, 'longitude': -73.96529}",1006,4.0,10025
0GftSP2dRwEzujkv2VKIgA,Wok Wok Southeast Asian Kitchen,11 Mott St,"{'latitude': 40.7140555, 'longitude': -73.9988387116394}",979,4.0,10013
Z5JY0Wq4dctTdlFQxPVECg,Shangri-La,7400 3rd Ave,"{'latitude': 40.6321, 'longitude': -74.0277}",182,4.0,11209
S7ivv5O0beH3U9cV3cRD_Q,Jujube Tree,35-02 30th Ave,"{'latitude': 40.76512, 'longitude': -73.91821}",383,4.5,11103
dyFvVNDumWZgXtV3GlK8vw,Link Thai,756 Grand St,"{'latitude': 40.71163, 'longitude': -73.94281}",56,4.5,11211
dpCSDy9uefOEcY44FHss2Q,Hyo Dong Gak,51 W 35th St,"{'latitude': 40.7501219, 'longitude': -73.9862269}",411,3.5,10001
dqjko5ndMGayALuhwq3ghQ,Thailicious,71 Clinton St,"{'latitude': 40.71927, 'longitude': -73.98509}",111,4.5,10002
Zx44jCgDv1TwKMGzcXajIQ,Taste Good Malaysian Cuisine,82-18 45th Ave,"{'latitude': 40.7417090264307, 'longitude': -73.8821911811829}",702,4.0,11373
k34VgKhpuIRPEr8vKSMwjA,Chung Chun Kitchen,338 Myrtle Ave,"{'latitude': 40.69314, 'longitude': -73.973}",25,3.5,11205
rD8O-18k5mZcg2a1IIqklA,Baguette Delite,381 Old Post Rd,"{'latitude': 40.5138422744721, 'longitude': -74.3844341767653}",480,4.5,08817
pq7EMUOLCbQdKQ7PWL2bZA,Num Pang Kitchen,133 West 38th St,"{'latitude': 40.752822411185, 'longitude': -73.9870070646821}",53,4.0,10018
Q_rT0lwuW8rJ6kGBYxPWkw,Asea Fusion,4120 8th Ave,"{'latitude': 40.64588, 'longitude': -73.99915}",264,4.0,11232
dDXtga5Kgo5B1twdezcZJA,Auntie Guan's Kitchen 108,108 W 14th St,"{'latitude': 40.7377213477598, 'longitude': -73.9974148512518}",343,3.5,10011
rhWaFGReGsmyWAojvGWQlQ,PaPa Thai Cuisine,2115 Frederick Douglass Blvd,"{'latitude': 40.80346, 'longitude': -73.95647}",68,3.5,10026
3GMHPnrkFAcqffw3T7JSdQ,Kitchen 79,37-70 79th St,"{'latitude': 40.747551, 'longitude': -73.8868866}",623,4.5,11372
XgiG7K7ubHsj2JJ-c2sXnw,Thai Diner,186 Mott St,"{'latitude': 40.720714, 'longitude': -73.9956057}",61,4.0,10012
pNeBjEYCmI9gS-GcwRc4Ew,Mulberry & Vine,55 Prospect St,"{'latitude': 40.700767, 'longitude': -73.988551}",31,4.0,11201
v2dtG37r1ThqtfEfiFsAUg,Shanghai Mong,30 W 32nd St,"{'latitude': 40.7476119995117, 'longitude': -73.9871597290039}",541,3.0,10001
rCtsqHtOAOjZ7EUQDFRSbA,Pinto Garden,117 W 10th St,"{'latitude': 40.734882, 'longitude': -73.9994844}",244,4.0,10011
va0wfKQyDzvOyXvX4pzm6w,Little Saigon Cuisine,25309 Northern Blvd,"{'latitude': 40.77102, 'longitude': -73.73559}",114,3.5,11362
SoBdWOxymmY5yKANn63UWw,Ozu,78 Clark St,"{'latitude': 40.6974732130766, 'longitude': -73.9932652562857}",260,4.0,11201
vQ2MwpkjcrF7uxs87oMeyw,Noona Noodles,11 W 32nd St,"{'latitude': 40.74761, 'longitude': -73.98631}",45,4.0,10001
xscOfj1dMkEKvhrRruLpIg,Quantum Leap,226 Thompson St,"{'latitude': 40.729212, 'longitude': -73.9988513}",660,4.0,10012
KHdYPT0jUnUGdHGaY73mxg,Sukhumvit 51,224 E 51st St,"{'latitude': 40.7559139831703, 'longitude': -73.9693867939228}",748,4.0,10022
-Exv1AEsaKU6Cdb2TO_ZUg,The Lobster Club,98 E 53rd St,"{'latitude': 40.758301, 'longitude': -73.971868}",95,4.0,10022
VTNMeipIiyRRenXcRBedpg,HK Food Court 香港美食城,8202 45th Ave,"{'latitude': 40.7414872, 'longitude': -73.8827301}",99,4.0,11373
1YGpTYD8xIuUpK_beMhzSw,The Rice Noodle,190 Bleecker St,"{'latitude': 40.729087, 'longitude': -74.001525}",144,4.0,10012
CDa0GJZDMPcjvhbx7RbG5Q,Senn Thai Comfort Food,452 Amsterdam Ave,"{'latitude': 40.7849945637664, 'longitude': -73.9770103128512}",283,4.0,10024
J9UA6rzI5WW_cDGjwDnF5g,Tsurutontan Udon Noodle Brasserie,21 E 16th St,"{'latitude': 40.73678, 'longitude': -73.9910699}",1864,4.0,10003
23NSOmpzzrJTfWmYk8Lp4A,Lovely Day,196 Elizabeth St,"{'latitude': 40.721774, 'longitude': -73.994275}",355,3.5,10012
bvuPipiMPe5FURKZh06Zxg,Tea and Milk,32-02 34th Ave,"{'latitude': 40.75904, 'longitude': -73.92631}",410,4.5,11106
liZmIO0FqZwslLJfLDkfgw,Wayla,100 Forsyth St,"{'latitude': 40.7183, 'longitude': -73.9926038}",278,4.5,10002
09y5uyX7z41mjoA9fVF1bQ,Tang Restaurant,196-50 Northern Blvd,"{'latitude': 40.75744, 'longitude': -73.78383}",650,4.0,11358
HyENSD29rcF_5iSFakhMSw,Song,295 5th Ave,"{'latitude': 40.6735, 'longitude': -73.9825199}",1071,3.5,11215
9K8VhYvIA26AFMQY8S1soQ,M Noodle Shop,549 Metropolitan Ave,"{'latitude': 40.714257, 'longitude': -73.950646}",361,3.0,11211
-n5zd4kpmJdqKzvar-5v8g,Gogi Grill - Hoboken,79 Hudson St,"{'latitude': 40.7362061117704, 'longitude': -74.0300041437149}",224,4.0,07030
iQb9J6XGUxNHEwK7aptAYQ,Sous Vide Kitchen - A Virtual Food Hall,119 E 23rd St,"{'latitude': 40.73995, 'longitude': -73.98538}",36,3.5,10010
tVB11pOiDhPWlt_o6ylMNg,Enthaice Thai Kitchen,33-20 31st Ave,"{'latitude': 40.7630889337809, 'longitude': -73.9213237166405}",690,4.0,11106
c7z96m0UdMkJRhlz0Ht5XQ,Siri Thai,641 10th Ave,"{'latitude': 40.7618590612994, 'longitude': -73.9940920472145}",212,4.0,10036
vm4fi1M_fxqIdIkHAgtBaQ,Thai Direct Bowls,131 Avenue A,"{'latitude': 40.72688, 'longitude': -73.98311}",51,4.0,10009
wfhMIiMh2A2psCGONOVSlg,Han Dynasty,90 3rd Ave,"{'latitude': 40.732072, 'longitude': -73.988074}",1245,4.0,10003
6k-EK419_wagYvXgEFTZNA,Big Bowls Little Plates,700 Plaza Dr,"{'latitude': 40.78538, 'longitude': -74.04539}",48,4.0,07094
-5npn9NRmOun7VUVLZpjyw,Eat Gai,88 Essex St,"{'latitude': 40.7180351, 'longitude': -73.9882738}",63,4.0,10002
3V3vPcAMloLwpKg13Z5kAQ,PokéBowl Station,2037 86th St,"{'latitude': 40.60413, 'longitude': -73.99715}",119,4.0,11214
xq0cX_DgxiJMXwhmEl9kUA,Café China,13 E 37th St,"{'latitude': 40.7499225208569, 'longitude': -73.9819464127197}",1640,4.0,10016
pSAAr8srYYt4SUQP4r0Bhw,Luanne's Wild Ginger,235 Dekalb Ave,"{'latitude': 40.6896, 'longitude': -73.96982}",75,4.5,11205
z1OgXX3L9Ipl2mu-Hf4ADw,VIV,717 9th Ave,"{'latitude': 40.76277, 'longitude': -73.98969}",883,4.0,10019
pSSajdYNKTyAGV8-fk7fWQ,Joya,215 Ct St,"{'latitude': 40.6866607666016, 'longitude': -73.9934997558594}",1315,3.5,11201
VpInBiE272MaN1Hi0DA-Zw,Sachi Asian Bistro,713 2nd Ave,"{'latitude': 40.7478, 'longitude': -73.97406}",214,4.0,10016
2rjcqpDzCIHh1cyNFSh-4w,Asian Bowl,101-11 Queens Blvd,"{'latitude': 40.7266343214028, 'longitude': -73.8522079552807}",186,3.5,11375
sinDhwX8Egru_3FCI7bhkw,Laut,15 E 17th St,"{'latitude': 40.73756, 'longitude': -73.9911}",1223,3.5,10003
QDApjjZAPxFvvbll86NMTA,Hak Box,88 E Broadway,"{'latitude': 40.714, 'longitude': -73.99439}",62,4.0,10002
RABCwRzA1YCSpIWuk9LgqA,Urban Vegan Kitchen,41 Carmine St,"{'latitude': 40.7302, 'longitude': -74.00368}",472,4.0,10014
f7jZvRH-h76F4emzvKytaQ,Tuk Tuk,4906 Vernon Blvd,"{'latitude': 40.743232, 'longitude': -73.954254}",692,4.0,11101
rLa-9Tt1LDfpB78mhHuXZw,698 Cafe,39-07 Prince St,"{'latitude': 40.759308275177, 'longitude': -73.8322134683128}",49,4.0,11354
6tASYtO9zOrXr8-LPnAToQ,Zest Szechuan,45 W 39th St,"{'latitude': 40.75274, 'longitude': -73.98445}",590,4.0,10018
A_GbgtUSyGWpihHZOqMdwQ,Little Basil,153 E 26th St,"{'latitude': 40.741014, 'longitude': -73.982259}",503,4.0,10010
ye-TSU-mu1Gd5TAJOpI5Mg,Lichee Nut,162 Montague St,"{'latitude': 40.694149, 'longitude': -73.9928131}",268,3.0,11201
CgYWuNH0UHd5vp2vGgKflw,wagamama - murray hill,605 3rd Ave,"{'latitude': 40.74909, 'longitude': -73.9754}",286,4.0,10158
LoqCSNT5e7pLv_ZC3bjqxw,Pho Cup,25 Kent Ave,"{'latitude': 40.7232354, 'longitude': -73.9583513}",1,3.0,11249
yA29ur97O7B6kYr1g5IoAw,Aroy Dee Thai Kitchen,20 John St,"{'latitude': 40.7096786, 'longitude': -74.0089569}",399,3.5,10038
BF6pY829iPBERt15CG1g3w,At Nine Restaurant & Bar,592 9th Ave,"{'latitude': 40.758697, 'longitude': -73.992064}",492,4.0,10036
3ik-lT8Pu7PAc_04af1J0w,Ginger Root Vegan,1164 1st Ave,"{'latitude': 40.7624720969574, 'longitude': -73.9595977571168}",127,4.5,10065
5wm-lMz4NP4atf6zAjGf1g,Big D's Grub Truck,,"{'latitude': 40.703099, 'longitude': -73.9866598}",1,4.0,11201
OOoua3Q6PfqtImv3DjdcWw,Parlay,4024 8th Ave,"{'latitude': 40.6464, 'longitude': -73.99862}",406,4.5,11232
98URsYAwTfXRPP5e1ONPug,Maya Congee Cafe,563 Gates Ave,"{'latitude': 40.68719, 'longitude': -73.944167}",102,4.5,11221
7DnZWIn1Dcsvq-_pIXXFZQ,Hortus NYC,271 5th Ave,"{'latitude': 40.745481, 'longitude': -73.986518}",198,4.5,10016
T7XGQO2ykMfQf7HYscfv6w,Crave Home Kitchen,540 Durie Ave,"{'latitude': 40.972481, 'longitude': -73.961821}",31,4.5,07624
-FSwYW_xV__5KHTIc56B0Q,Rice K,29-21 23rd Ave,"{'latitude': 40.774743, 'longitude': -73.913172}",95,3.5,11105
yQiII2hHgV5aEMtIA2VG0Q,Chai Thai Kitchen - Midtown,930 8th Ave,"{'latitude': 40.76541, 'longitude': -73.98352}",574,3.5,10019
z4MumU_OUun7YHOJdZEqQg,Malaysia Beef Jerky,95A Elizabeth St,"{'latitude': 40.718521, 'longitude': -73.996078}",298,4.5,10013
Wq9cARVEwOmoqfg41mNRNg,Noree Thai Bazaar,274 Grand St,"{'latitude': 40.7178949956625, 'longitude': -73.9928582310677}",176,4.0,10002
kiKUF11kNgEnM__P11nrig,Tea Cup Cafe,76-23 Woodside Ave,"{'latitude': 40.7440056330087, 'longitude': -73.8885498046875}",122,4.0,11377
zENn0_yDJEdLoHyivXb2xw,Black Thai,81-16 Northern Blvd,"{'latitude': 40.7553269, 'longitude': -73.8860092}",281,4.0,11372
yEHZiUgIihoSg6quQHcgmA,Jin Jin Hong Kong Cafe,6224 18th Ave,"{'latitude': 40.620528, 'longitude': -73.989131}",242,3.5,11204
aeZOg5kehkVOoLBCFEqsxQ,Bamboo Bites,87 Ludlow St,"{'latitude': 40.71835, 'longitude': -73.9895}",1,5.0,10002
gQ6DNeLNWQV-zwWyuFeBpg,No. 1 Chinese Restaurant,10 S William St,"{'latitude': 40.7046671846472, 'longitude': -74.0105490435282}",155,3.0,10004
UO4kyXfdQIlAhM-TRgM9cw,Look By Plant Love House,622 Washington Ave,"{'latitude': 40.679893, 'longitude': -73.964447}",322,4.0,11238
LpSjWO4ZU6rbxGUetRp1mA,King Dumplings,74 Hester St,"{'latitude': 40.71605, 'longitude': -73.99169}",99,4.0,10002
jc_XQPbSCwMHsXLfinXA6A,Prince & I,80 Wayne St,"{'latitude': 40.7198, 'longitude': -74.04576}",438,4.5,07302
D65eObUbArHu6UiQsUasgw,HinoMaru Ramen,33-18 Ditmars Blvd,"{'latitude': 40.774889916651, 'longitude': -73.9092001318932}",890,4.0,11105
cxtg17yy1YFt8gHRckUQcw,Num Pang Kitchen,140 E 41st St,"{'latitude': 40.7503831245874, 'longitude': -73.9761078759491}",1121,4.0,10017
oNN202L_XcNM-tuDHlgkfg,Boon Chu Thai Place,83-18 Broadway,"{'latitude': 40.740638, 'longitude': -73.879645}",310,4.0,11373
JzD9nfJWHwnG-2Wk87muHg,Qi,698 9th Ave,"{'latitude': 40.762, 'longitude': -73.98961}",1220,3.5,10036
jwKPVep2qZYBUA6SLLQPvg,Legend 72,127 W 72nd St,"{'latitude': 40.77796, 'longitude': -73.9796901}",239,3.5,10023
DyC5HxYK8E09N2Hb-6WyGQ,ChopStix Sheepshead Bay,3790 Nostrand Ave,"{'latitude': 40.59116, 'longitude': -73.9403}",283,3.5,11235
4M-nT45SdA119-lcJg9c9A,Sabay Thai Restaurant,75-19 Broadway,"{'latitude': 40.746098, 'longitude': -73.890055}",128,4.0,11373
wyjtGsW5NeVDknGQWnIPAQ,wagamama - midtown,100 W 55th St,"{'latitude': 40.7629, 'longitude': -73.9781574}",33,4.0,10019
iF1wqaFU-JgElX1lCGda6A,Ama Coffee,6047 Myrtle Ave,"{'latitude': 40.7007287451446, 'longitude': -73.8967115414127}",58,4.5,11385
AeNU0DYNtYDVPGnWAIh-0Q,Wok To Walk,570 8th Ave,"{'latitude': 40.7547179, 'longitude': -73.991281}",396,3.5,10018
eIuYZaxO3RiVq-Mkb6jhtw,Pho 89 Restaurant,89 E Broadway Frnt,"{'latitude': 40.71365, 'longitude': -73.99372}",17,2.0,10002
9DceMTrjyVqBgQRqgR6GWw,Red Bamboo,140 W 4th St,"{'latitude': 40.7313183707867, 'longitude': -74.0003546456233}",1710,4.0,10012
LjBKkUSpMwrpo99hXgtHYw,Franchia Vegan Cafe,12 Park Ave,"{'latitude': 40.7474712051298, 'longitude': -73.9812423408763}",926,4.0,10016
Tjo8JXQzoBwvw_QYicejiw,Ding Food Market,241 Harrison Ave,"{'latitude': 40.7461823757412, 'longitude': -74.1584174860186}",70,5.0,07029
krx3qFc0QFRqLL3fyscJSQ,Cachapas y mas,107 Dyckman St,"{'latitude': 40.862244, 'longitude': -73.92475}",355,4.0,10040
OvdCm3j_5HzItolfvwrEUA,Lilli & Loo,792 Lexington Ave,"{'latitude': 40.763858, 'longitude': -73.967269}",402,3.5,10065
NXZFu7KHBrG02gzYneY5Xg,Ugly Kitchen,103 1st Ave,"{'latitude': 40.7266856651479, 'longitude': -73.9862178981476}",619,4.0,10003
97q5nUQTuBo_h00XCxna2A,Tasty Hand-Pulled Noodles,1 Doyers St,"{'latitude': 40.7142, 'longitude': -73.99787}",1602,4.0,10013
I_Va7AZSHpEwX75S-3hHLQ,Noodle Fun,1744 1st Ave,"{'latitude': 40.7795333862305, 'longitude': -73.9470367431641}",150,4.0,10128
2VpurA2lb-q90nmALklNcA,Perry St,176 Perry St,"{'latitude': 40.73442, 'longitude': -74.00971}",943,4.0,10014
YVfmHNQMFwOiS52niAQajA,Surreal Creamery,538 2nd Ave,"{'latitude': 40.742016, 'longitude': -73.977582}",115,4.5,10016
EYpS39ad-GfC5l2F7PwZig,Jade Asian Bistro,331 New Dorp Ln,"{'latitude': 40.571574, 'longitude': -74.1113}",194,4.0,10306
FXhSEZfIqjMZh4hR0_8jMQ,China Xiang 中国湘,360 W 42nd Street,"{'latitude': 40.7582902125633, 'longitude': -73.9925113993899}",482,4.0,10036
R7EGjHWw0tNheY6-ahH8fQ,Tuome,536 E 5th St,"{'latitude': 40.72412482724, 'longitude': -73.9828906263924}",503,4.5,10009
cCqnycFCGIEiJJm3-A_BTg,Wich-One,529 Anderson Ave,"{'latitude': 40.82267, 'longitude': -73.99023}",154,4.5,07010
LQ8ITaZIbaiQ8pHPOx5i6w,SkyIce Sweet & Savory,63 5th Ave,"{'latitude': 40.6806411743164, 'longitude': -73.9772872924805}",750,4.0,11217
S0Qydvh12n5E_uodsLa8eA,Co Co Lin Vegetarian House,64-19 Fresh Pond Rd,"{'latitude': 40.70989, 'longitude': -73.89871}",260,4.0,11385
N0cfNApqwrPEqXgcf3NWmg,Bonchon 32nd st,325 5th Ave,"{'latitude': 40.74753, 'longitude': -73.98498}",1187,3.5,10016
4hukJNoy9F2ILYJZWl4Xlw,Set LES,127 Ludlow St,"{'latitude': 40.7198495417833, 'longitude': -73.9885318279266}",457,4.0,10002
jhFqmhHRDf7TZcITsKntJA,Plump Dumpling,174 2nd Ave,"{'latitude': 40.730397, 'longitude': -73.9861}",250,2.5,10003
G_C-murI79nWDtR10h14XA,Frenasia,16335 Crossbay Blvd,"{'latitude': 40.651392, 'longitude': -73.837518}",237,3.5,11414
ZlUU_DPlJTBLyUpBL2niKw,Luscious Thai,1099 1st Ave,"{'latitude': 40.76047, 'longitude': -73.96157}",230,3.5,10065
BEuZGvNlbM4tXq7YICyM6w,LuAnne's Wild Ginger All-Asian Vegan,380 Broome St,"{'latitude': 40.7204631, 'longitude': -73.9964956}",647,4.0,10013
jWuUibgnTGsJibOrr6UUSw,Haidilao Hotpot,138-23 39th Ave,"{'latitude': 40.76099, 'longitude': -73.827853}",887,4.5,11354
T8WfkzuVi96qCpj1tWjlxw,Spice,39 E 13th St,"{'latitude': 40.7345, 'longitude': -73.9919}",1550,3.5,10003
hnBgmEQsJgRhY3VvWnwkfA,The Green Papaya,110 Kinderkamack Rd,"{'latitude': 40.91157, 'longitude': -74.03576}",388,4.0,07661
T1kO6d-QY9i3f4D_yNsU6Q,Jibarito Shack,1024 Balcom Ave,"{'latitude': 40.8289898, 'longitude': -73.8326779}",1,5.0,10465
0VGn3bLaUG7lhM5WwkMTCA,Bangkok City Thai Restaurant,335 Washington St,"{'latitude': 40.74106, 'longitude': -74.02956}",168,3.0,07030
4WyXnioHqTIcaFFN_TS1Vw,Ling Long Xuan Restaurant,586 Newark Ave,"{'latitude': 40.73237, 'longitude': -74.0569}",151,4.0,07306
EGUPGM2TuwMMFi3vifYEVA,Ginger House,310 Ditmas Ave,"{'latitude': 40.6357, 'longitude': -73.97555}",137,4.0,11218
Iqq4qDMOllbq5VWUy2jsug,Hawaii Poke Bowl,1430 Richmond Ave,"{'latitude': 40.6133250651476, 'longitude': -74.158935919404}",132,4.5,10314
-YazuZbXAM_NOny8LpLQpQ,BKNY Thai Restaurant,47-11 Francis Lewis Blvd,"{'latitude': 40.7530184239866, 'longitude': -73.780074009384}",1299,4.0,11361
OPSCHpuBSthP7UwnMm0GSA,Spice,975 Amsterdam Ave,"{'latitude': 40.8016123540962, 'longitude': -73.964790176728}",190,3.5,10025
nAcVK-Y1_ojsRF_04o-x-A,Yin Ji Chang Fen Rice Roll,91 Bayard St,"{'latitude': 40.71583, 'longitude': -73.999336}",210,4.0,10013
hSiTqxKKgvQSI5x5VdMjoQ,Top Thai - Brooklyn,8510 4th Ave,"{'latitude': 40.62325, 'longitude': -74.02838}",305,3.5,11209
kXuubLd6s3GidpqU3psPdw,Chao Thai,8503 Whitney Ave,"{'latitude': 40.7414656, 'longitude': -73.8801273}",375,4.0,11373
lQ8Fzgji9qmgRXkFcvAsVQ,Chong Qing Xiao Mian,796 9th Ave,"{'latitude': 40.76513, 'longitude': -73.98753}",309,4.0,10019
dnCRiUZWgu5ZI4Q-Z-az6Q,Thai Diva Cuisine,45-53 46th St,"{'latitude': 40.7414512, 'longitude': -73.9190131}",137,4.0,11377
Lbs8QBRN1U7IYBo5Mcv-RQ,88 Lan Zhou Handmade Noodle,40 Bowery St,"{'latitude': 40.715504, 'longitude': -73.996752}",1838,4.0,10013
U5dCWjAxrvLLMH1ErpGfvw,A-jiao,1817 2nd Ave,"{'latitude': 40.783159, 'longitude': -73.948244}",130,3.5,10128
x5HLJVEOYF-cCmGEZFu9yA,The Candle Cafe,1307 3rd Ave,"{'latitude': 40.771434, 'longitude': -73.959146}",915,4.0,10021
XsElXaLxUPKquI78poB8yw,Maison Pickle,2315 Broadway,"{'latitude': 40.7870473, 'longitude': -73.9781361}",1004,4.0,10024
0CjK3esfpFcxIopebzjFxA,Joe's Shanghai,46 Bowery St,"{'latitude': 40.7156608, 'longitude': -73.9967012}",6218,4.0,10013
ePVlFbTzdVQFWie__kdplg,Main Noodle House,1011 6th Ave,"{'latitude': 40.752143, 'longitude': -73.986396}",412,3.5,10018
Hmp0s3u_s-aj-7sWe0YkJA,Viet Sandwich Cart,3 Pearl St,"{'latitude': 40.7032747, 'longitude': -74.0140795}",1,4.0,10004
QVWmn5jmy_TPmg0G71Dk5g,Sea,114 N 6th St,"{'latitude': 40.71807, 'longitude': -73.960044}",3118,3.5,11211
qtRPV9YANKcXU3OzcUUokw,River Thai Food,24 Hilliard Ave,"{'latitude': 40.826372, 'longitude': -73.975091}",210,3.5,07020
Zz4UZSodpCcfIUGO7XYl4A,Culture Tea Bar,3111 Broadway,"{'latitude': 40.81293, 'longitude': -73.96064}",109,4.0,10027
-jYxfK6Q1k84uUCag83Fqg,Num Pang Kitchen,28 E 12th St,"{'latitude': 40.73396, 'longitude': -73.99312}",1398,4.0,10003
YzyHW3w0HUyaG8EvplNT1A,Liu's Shanghai,1869 Bath Ave,"{'latitude': 40.6026411895768, 'longitude': -74.0038766549142}",378,4.5,11214
qFZuYdXy57_ydnsEFdfOxA,Hou Yi Hot Pot,97 2nd Ave,"{'latitude': 40.727291, 'longitude': -73.988921}",206,4.0,10003
mAQ1zH-aDmG26LzKq7kbow,Asian Grill,20 Rte 17 N,"{'latitude': 40.831270012763, 'longitude': -74.0891549110184}",184,3.5,07073
DfhA99mQQZnoO7r71BSpdA,Pho Seng,174 2nd Ave,"{'latitude': 40.7304, 'longitude': -73.9860999}",21,2.0,10003
3nvwvbbkJN2Cyp1VUuG6rA,Daesung Korean Noodle,45-04 162nd St,"{'latitude': 40.75616, 'longitude': -73.80484}",293,4.5,11358
XnBKN38V-V-ErN0g-0eCTw,Penang Malaysian & Thai Cuisine,200 Route 10 W,"{'latitude': 40.8093879, 'longitude': -74.3753335}",400,4.0,07936
TemMTqYoDJ53doNF-PCKZA,Cafe Kashkar,1141 Brighton Beach Ave,"{'latitude': 40.5778011, 'longitude': -73.9557381}",257,4.0,11235
1Fe4lCiMPNVhoEyjg92frA,Kati Thai Cuisine,347 E 14th St,"{'latitude': 40.7318077087402, 'longitude': -73.98291015625}",246,4.0,10003
e1r5NNXmsCX7XGhJYzZtJA,Spring Garden,4710 Ave N,"{'latitude': 40.61867, 'longitude': -73.92938}",24,3.0,11234
ZGKdgFAGOL6NOPXPrBkhzA,Myrtle Thai,438 Myrtle Ave,"{'latitude': 40.69308, 'longitude': -73.96814}",171,3.5,11205
-Rat_jVuOv_HTYjHqooGzw,Malay Restaurant,13517 40th Rd,"{'latitude': 40.7588141532412, 'longitude': -73.8303136825562}",306,4.0,11354
D2l6XG53ORM_wQg7c6dsAQ,Bāng Bar,10 Columbus Cir,"{'latitude': 40.768462, 'longitude': -73.983082}",96,4.0,10023
gPId7ENK1ZA1qrNwI4z4UQ,Legend of Taste,2002 Utopia Pkwy,"{'latitude': 40.7794990539551, 'longitude': -73.7941589355469}",124,4.0,11357
414qtc1lNAI-HaJ-Gw9puA,Galanga,149 W 4th St,"{'latitude': 40.7316, 'longitude': -74.00049}",500,3.5,10012
3KlWyCJ2BikxwcEb0-O4Ww,Thai Cafe,925 Manhattan Ave,"{'latitude': 40.73104, 'longitude': -73.95456}",131,3.5,11222
bhW3w2nI4mxFuNWgSS_g1w,Nyonya,2322 86th St,"{'latitude': 40.60002, 'longitude': -73.99118}",423,2.5,11214
rKllAm0Hv6CCajmqbBy6nQ,Bangkok Center Grocery,104 Mosco St,"{'latitude': 40.714541, 'longitude': -73.99933}",125,4.5,10013
v5YA6gFdj1jwTpz0Kjpjqw,Krua,1764 1AVE,"{'latitude': 40.7780368755686, 'longitude': -73.9455220142999}",55,4.5,10128
6Ydx_lx6xQX16UQ0y0LjVg,Village Natural,46 Greenwich Ave,"{'latitude': 40.735622, 'longitude': -74.000244}",141,3.5,10011
LzyDj8z2CA03Jrs34L9Pgw,Spice,435 Amsterdam Ave,"{'latitude': 40.784263, 'longitude': -73.977252}",310,3.0,10024
7MHsrbJS4HCp2vIpMbEgtw,Boba Fix,250 Mott St,"{'latitude': 40.723368, 'longitude': -73.994479}",22,4.0,10012
bH6U8bze3zVTUBOPm913NQ,Dunhuang Lanzhou Beef Noodle,136-93 37th Ave,"{'latitude': 40.7624444092074, 'longitude': -73.8277914002538}",315,4.5,11354
1Knb-4wuDE_R72HQRKqTmw,WingK Boy Chicken,662 Passaic Ave,"{'latitude': 40.827258, 'longitude': -74.145901}",15,3.5,07110
NVcKEwdKGSSDnIAceebMpw,Abacky Fusion Cuisine,253 W 26th St,"{'latitude': 40.7471121804058, 'longitude': -73.996648862958}",28,3.5,10001
xt8AcJzq61ksZbMJ1o--7Q,Wasabi Thai,897 Broadway,"{'latitude': 40.67825, 'longitude': -74.10648}",106,4.5,07002
YIYetgfNE34G8JhQu98XQw,Ozen,760 Amsterdam Ave,"{'latitude': 40.7948819801249, 'longitude': -73.9700052707462}",191,3.0,10025
1ctLdRJjP9m5QdL7ruYAzA,Herbs Thai Bistro,251 E 45th St,"{'latitude': 40.75193, 'longitude': -73.97099}",190,3.5,10017
8ig0yf0003DAp4YOGTlbVg,Spicy Village,68 Forsyth St,"{'latitude': 40.71695, 'longitude': -73.99327}",663,4.0,10002
6EskvVuvoQVyJ1CcRonIBQ,Roc N Ramen,19 Anderson St,"{'latitude': 40.9109855646599, 'longitude': -73.7809076403087}",625,4.0,10801
s-AE4r6lzS1cZApxVZCFSg,Cloud 9 Crepes,434 Marcus Garvey Blvd,"{'latitude': 40.68188, 'longitude': -73.93797}",38,4.5,11216
iIcUpEOjMLuzAIfyY_vgYA,PappaRich Flushing,One Fulton Sq,"{'latitude': 40.759569, 'longitude': -73.832392}",637,3.5,11354
fRO4Fwe5uRAajMcTwLbVkA,Ayada Thai,7708 Woodside Ave,"{'latitude': 40.7433662414551, 'longitude': -73.8876037597656}",1197,4.0,11373
IhSVn0TaX8xXb3wcQ-fgcA,Vanessa's Dumpling House,118A Eldridge St,"{'latitude': 40.71839, 'longitude': -73.9917399}",2649,4.0,10002
Y0F5QFtfAFdQDSKMl8LDTQ,Kai Yang,345 Bloomfield Ave,"{'latitude': 40.81199, 'longitude': -74.21465}",145,4.5,07042
3Rah-cvFk79duFQ83voQ5A,99 Favor Taste,37 St Marks Pl,"{'latitude': 40.728833, 'longitude': -73.988094}",679,4.0,10003
ux6qiwZk--PBFFt2rdOChQ,Mamu Thai Noodle Truck,,"{'latitude': 40.6728638140736, 'longitude': -73.9634558981109}",33,4.0,
ePZjA9S2xD6ZKpTfaH3Irg,Gong Cha,156 Lawrence St,"{'latitude': 40.69147, 'longitude': -73.98643}",53,4.0,11201
kNOr6_g6QfBHdhf89j3g5w,Taiwan Pork Chop House,3 Doyers St,"{'latitude': 40.71424, 'longitude': -73.99799}",467,4.0,10013
XNkC1vJmLOI8NRR3Jl_vyQ,Amy Thai Bistro,545 Flatbush Ave,"{'latitude': 40.660748, 'longitude': -73.960415}",108,4.5,11225
vbL4Ef8zf4dmdR9Gyl5lkw,Taiwanese Gourmet,8402 Broadway,"{'latitude': 40.739713, 'longitude': -73.878766}",363,3.5,11373
2ds0ggRpf35-3UI3c4aBnw,SriPraPhai Thai Restaurant,280 Hillside Ave,"{'latitude': 40.75466, 'longitude': -73.65088}",507,3.5,11596
pepM7-yv4-jCT6S1nl6fPg,Asian Spicy Curry Pop-up,46 Mulberry St,"{'latitude': 40.715031, 'longitude': -73.99931}",140,4.5,10013
DY0y0KPwu8LnQteNB-uoAQ,Amaze,694 3rd Ave,"{'latitude': 40.7519302, 'longitude': -73.9739609}",267,3.0,10017
Xf6e3HaP0AgMBxY7dEDkOA,99 Favor Taste,285 Grand St,"{'latitude': 40.7176199, 'longitude': -73.99249}",1862,4.0,10002
VbUy299ch56p4GYZTNDbvA,New Wonjo Restaurant,23 W 32nd St,"{'latitude': 40.74788, 'longitude': -73.98665}",1357,3.5,10001
RoXFN-T1s6moM5smbY_5Gw,Mee Noodle Shop,795 9th Ave,"{'latitude': 40.7653751, 'longitude': -73.9879042}",505,3.0,10019
WueXPnaTvM_R5UuPjxbbQw,Amber West Village,135 Christopher St,"{'latitude': 40.733165, 'longitude': -74.006958}",213,3.5,10014
y8JSKjpWeQg8vzm5wovOwQ,The Bund,100-30 Queens Blvd,"{'latitude': 40.7264404960967, 'longitude': -73.8532474276788}",265,3.5,11375
5C0vGV5YVjvsuvZuKvo6-w,Tony Boloney's - Hoboken,263 1st St,"{'latitude': 40.7378974, 'longitude': -74.0343764}",582,3.5,07030
QGEsxvYE16UzpjJPa-6qXA,Num Pang Kitchen,75 9th Ave,"{'latitude': 40.7424250857658, 'longitude': -74.0061251304857}",318,4.0,10011
RTFIMX31BPeZzx7kJJ1SCA,RedFarm,529 Hudson St,"{'latitude': 40.7342, 'longitude': -74.00652}",670,3.5,10014
2Nvbdr3xbUbeTWUO65mmtg,Brooklyn Chinatown,5601 8th Ave,"{'latitude': 40.6377505493632, 'longitude': -74.0072130359954}",10,4.5,11220
VNfodDUNKTJgD1jQJMDc8A,Food Avenue,321 Broad Ave,"{'latitude': 40.8249466325985, 'longitude': -74.0096468478441}",18,4.0,07657
GURmB4kTMLpG8AGjx52ILw,New Pinang South East Asian Cuisine,11110 Queens Blvd,"{'latitude': 40.7182146404843, 'longitude': -73.8372966119012}",258,3.0,11375
U2rFQLQ9zO9TMSkM5eNMcg,Hale and Hearty Soups,849 Lexington Ave,"{'latitude': 40.7655177451256, 'longitude': -73.9655730995432}",142,3.5,10065
k-uCgiK15VwL9CEXqHvsEg,A & H Food Plaza,431 7th Ave,"{'latitude': 40.7505188, 'longitude': -73.9905396}",46,4.0,10001
Xh-pnPzmUOnjyDE2bTGv5w,NY Thai Grill & Sushi Bar,137 E 45th St,"{'latitude': 40.75324, 'longitude': -73.97405}",147,2.0,10017
xYCQKi2mk4PJ2UioojU06g,90 Degree Coffee Noodles & Rice House,5715 5th Ave,"{'latitude': 40.6408, 'longitude': -74.01461}",32,4.5,11220
uaFHoq-a5XqxF-bsOK9_Qg,Real Kung Fu Little Steamed Buns Ramen,811 8th Ave,"{'latitude': 40.7616286634162, 'longitude': -73.9868181646996}",1011,3.5,10019
CcncHLot-nt8qECbw3SNsg,Andrew's Healthy Foods,737 Broadway,"{'latitude': 40.672423, 'longitude': -74.1113671}",160,4.0,07002
OR9oqAJW-U5ZnqhwH12Nuw,Khao Nom,42-06 77th St,"{'latitude': 40.7432731562959, 'longitude': -73.8879961885031}",104,4.5,11373
KBZQN540Xz6LbXLRVOMc0w,Hunan Delight,1467 York Ave,"{'latitude': 40.770678, 'longitude': -73.951296}",187,3.5,10075
nFszVPUX4tj-oarjfBO0nw,Klong,7 St Marks Pl,"{'latitude': 40.729507, 'longitude': -73.989181}",1111,4.0,10003
cvJ39wrAYnquWuMhfFAS2w,Mondayoff by Plant Love House,752 Coney Island Ave,"{'latitude': 40.639164, 'longitude': -73.969124}",210,4.0,11218
Ri0hq80RV6yrPDHmW4Gu3g,Spice Thai,394 Bedford Ave,"{'latitude': 40.710786, 'longitude': -73.963886}",23,3.5,11249
mm_ThSw5EnaDW2dA7D-49A,Xin Taste Hand Pull Noodle,72-38 Austin St,"{'latitude': 40.7187619329367, 'longitude': -73.8414192059155}",223,4.0,11375
rYw5rQbWRX9buZHZbxqWdA,Congee Village,100 Allen St,"{'latitude': 40.7187, 'longitude': -73.99031}",1602,3.5,10002
S-aX_Pz8F7nDL6kRThKcHw,Vanessa's Dumpling House,310 Bedford Ave,"{'latitude': 40.713795, 'longitude': -73.961983}",524,3.5,11211
nxUs6svpNSL0wAwAA2F34w,Clifton Thai Restaurant,239 Parker Ave,"{'latitude': 40.8758985, 'longitude': -74.1237514}",420,4.0,07011
48-joHeN5Y-BWTDI38fzDA,Best Kitchen Time,1250 Nostrand Ave,"{'latitude': 40.65659, 'longitude': -73.95035}",7,4.0,11225
fa5a7jksUak7yleWLWMigg,Joe’s Steam Rice Roll,261 Canal St,"{'latitude': 40.7190194496717, 'longitude': -74.0008207038045}",281,4.0,10013
2l6f0IXKZkxyq0L4EaoaFQ,The Butcher's Daughter,19 Kenmare St,"{'latitude': 40.720706862742, 'longitude': -73.9948451276474}",1214,3.5,10012
HdOlH7fR1Lx6IZAisL6C_w,Beijing Dumpling,116-14 Queens Blvd,"{'latitude': 40.71580900838, 'longitude': -73.8335515601233}",86,4.0,11375
2YkqGzOldh-gcSSFkvP44Q,MIGHTY Bowl,120 Macdougal St,"{'latitude': 40.72986, 'longitude': -74.00049}",248,4.0,10012
8tnYOCt_G42ZKv69KxBWAA,Estihana Brooklyn,1217 Ave J,"{'latitude': 40.6250653, 'longitude': -73.9636074}",32,3.5,11230
BeQgG_eup8mfs8qBDsRv6A,Anago Sushi,240 8th Ave,"{'latitude': 40.744712, 'longitude': -73.998573}",32,3.5,10011
7IeZwAZI1o2orL8_Up3iJg,Plump Dumpling,299 E 11th St,"{'latitude': 40.7302739471197, 'longitude': -73.9860065281391}",2,3.0,10003
5ymqS_8YqKoND4WwfXyiAQ,Poke Green,164 Pearl St,"{'latitude': 40.7057753, 'longitude': -74.0072424}",187,4.0,10007
XoxEVVf5Ci8nibQ-Q4P0nQ,Chinese Musician Restaurant,151 Greenpoint Ave,"{'latitude': 40.73042, 'longitude': -73.9537321}",135,3.0,11222
K4D6FDNfv0UaSBDFK1uvnw,Cucumber Sushi and Salad Bar,5834 Amboy Rd,"{'latitude': 40.5260871, 'longitude': -74.202037}",94,4.0,10309
F75DscjOOrbmL00_HAuwzg,Brew Memories,295 7th Ave,"{'latitude': 40.667755, 'longitude': -73.980522}",20,5.0,11215
EEf5KB5wx340TY7QwDKIqQ,More Express,281 Grove St,"{'latitude': 40.717964, 'longitude': -74.044227}",325,3.5,07302
c9I4-T9wTlMmJEHb4obEdQ,Happy Gathering,3220 34th Ave,"{'latitude': 40.7589, 'longitude': -73.92601}",49,3.0,11106
VF3Ep2NQN8FqSCV8ySulSA,19 Cafe,84 Manhattan Ave,"{'latitude': 40.70515, 'longitude': -73.9444199}",108,4.5,11206
MN17Htz75s1aZvO5nltzPA,Haven Cafe,147 Mott St,"{'latitude': 40.71885, 'longitude': -73.99668}",56,4.5,10013
QvyCFd6WC3r5jjN6zdiB0Q,Sweet House Drinks and Desserts - Chinatown,67 Bayard St,"{'latitude': 40.71545, 'longitude': -73.99822}",28,4.5,10013
dzI6MzwKbrhJN5dEeUbX0w,The Hummus & Pita,585 6th Ave,"{'latitude': 40.73928, 'longitude': -73.99605}",645,4.0,10011
KaBw8UEm8uZTV6YLsshYrQ,Pocha 32,15 W 32nd St,"{'latitude': 40.747524574399, 'longitude': -73.9862626791}",1493,3.5,10001
X8ZS-dgiMIJvhwf9SaDnjw,Wah Fung No 1,79 Chrystie St,"{'latitude': 40.71735, 'longitude': -73.99457}",1465,4.5,10002
R26zweQ8-xoZS7iHkXQOvw,Shanghai 21,21 Mott St,"{'latitude': 40.71441, 'longitude': -73.99902}",1673,4.0,10013
3K7Kc82bhU6-qjAjsBs3Fw,Lao Bei Fang Dumpling House,8305 Broadway,"{'latitude': 40.741153717041, 'longitude': -73.8796234130859}",569,4.0,11373
Cd11Q5nxqthvg5xQx2SW2g,Tasty Dumpling,42 Mulberry St,"{'latitude': 40.7149408310765, 'longitude': -73.9995409548283}",504,3.5,10013
poRWXhCG1-mVxs1kuw_ZEg,Red Hot Szechuan,349 7th Ave,"{'latitude': 40.666088, 'longitude': -73.98191}",186,3.5,11215
VFm8KI_no47AOHUDYYGTVA,Hawkers,225 E 14th St,"{'latitude': 40.73298, 'longitude': -73.98606}",233,3.0,10003
LJoNFt19j3wtumQP2J7i8g,Jade Spoon Asian Cuisine,1473 Weaver St,"{'latitude': 40.9804998, 'longitude': -73.7763127}",127,4.5,10583
VLMxyAe_l9vvyFd5vEPZ4g,Bee Cafe,60-11 39th Ave,"{'latitude': 40.7475304, 'longitude': -73.9030796}",30,4.5,11377
JnFV_qz7uWbLTY80K89J7Q,Emmett's,50 Macdougal St,"{'latitude': 40.727303, 'longitude': -74.00243}",502,4.0,10012
6gE9N5wD4K-bbmSEBm7Lhw,Kong Kee,212 Grand St,"{'latitude': 40.719047, 'longitude': -73.996139}",55,4.0,10002
ymO4zdB_EOJzlojJRbnm8A,harmony,451 E 116th St,"{'latitude': 40.79535, 'longitude': -73.93344}",14,3.5,10029
mA7_wkXy3fDuQ00iV6GYqQ,Great Taste Dumpling,4317 8th Ave,"{'latitude': 40.6444549560547, 'longitude': -73.9998245239258}",145,4.0,11232
WIj12zDqIbBucW1hXYhrew,King's Kitchen,92 E Broadway,"{'latitude': 40.71399, 'longitude': -73.99367}",272,4.0,10002
UFMXc5B0i_IetI-f8Dpb5A,Coco Thai,268 Prospect Park W,"{'latitude': 40.6585694, 'longitude': -73.9822303}",74,3.5,11215
l1nX-f46dmOEmYPoiuLSaw,Peking Duck House,236 E 53rd St,"{'latitude': 40.756912, 'longitude': -73.968109}",457,3.5,10022
siAb_uf13RIYW52O-auTpQ,Born Thai,293 Flatbush Ave,"{'latitude': 40.67903, 'longitude': -73.97357}",347,3.5,11217
M8eB6p4udxJhLkeIoDjBzA,Pulau Pinang,82-84 Broadway,"{'latitude': 40.7412362605966, 'longitude': -73.8813701076699}",163,3.5,11373
LXRdRSqK7A0L_XlqNYarKQ,Lin's Gourmet,1761 John F Kennedy Blvd,"{'latitude': 40.7009292393923, 'longitude': -74.0935865789652}",25,3.5,07305
E_4uwW4UD6PmNIz7nS9E0A,Hale and Hearty Soups,111 Fulton St,"{'latitude': 40.709955, 'longitude': -74.007009}",74,3.5,10038
iAlqJJHbbeY2Lb7tPt_CQA,86 Fu Kee,2211 86th St,"{'latitude': 40.601908, 'longitude': -73.993218}",164,3.5,11214
s_bkOOVmBwkNueITXriXmw,Mixtape Bushwick,1533 Myrtle Ave,"{'latitude': 40.6994942, 'longitude': -73.9140196}",79,4.5,11237
4b43TOXpskBPZqQzbKkwDQ,Le Botaniste,127 Grand St,"{'latitude': 40.7204278, 'longitude': -74.0002028}",145,4.5,10013
bGOZTD9O00OkVA1Pkt3OuQ,A A Jing,689 9th Ave,"{'latitude': 40.762, 'longitude': -73.99041}",290,3.5,10036
24p-MWh8_jZWLZnR9X2NgQ,Sabrosura Restaurant,1200 Castle Hill Ave,"{'latitude': 40.832073, 'longitude': -73.850759}",267,3.5,10462
SNZjma_-Ts9k7vXO6ErJWw,Dumpling + Noodle,26 Palmer Ave,"{'latitude': 40.9413694, 'longitude': -73.8374813}",260,3.5,10708
3TaRBdVpHFIjKOEv_65qBw,House Malaysian,634 Gorge Rd,"{'latitude': 40.82529, 'longitude': -73.98713}",174,4.0,07010
cUyfnb3E7HvzNfbTgTjl_Q,Despaña Brand Foods,408 Broome St,"{'latitude': 40.721094, 'longitude': -73.9978255}",569,4.5,10013
g_5V15Xp1OvB1QXuGMstYA,Chef Yu,520 8th Ave,"{'latitude': 40.75365, 'longitude': -73.99217}",583,3.0,10018
S28n01e8VKJ-Llm7YbEi0g,Guh Song Chinese Restaurant,45-46 Bell Blvd,"{'latitude': 40.75899, 'longitude': -73.76903}",185,4.0,11361
V7guNbYrJnTDIn2m6N49EQ,Tang Two Restaurant,2056 Hudson St,"{'latitude': 40.852137, 'longitude': -73.968427}",39,3.5,07024
_EBQhV-UQ7NoV66uXYH0dw,Golden Diner,123 Madison St,"{'latitude': 40.71244, 'longitude': -73.994}",159,4.5,10002
jJs-WtF7FdRy3NRU-5yt0g,Nanoosh,111 University Pl,"{'latitude': 40.73425, 'longitude': -73.99233}",254,3.5,10003
VKqbF7xQk_46UJR6pBNMLw,New Kellogg Garden Restaurant,401 State Rt 440,"{'latitude': 40.7098629716714, 'longitude': -74.1021953814706}",54,2.5,07305
UkA3V8itzKuBGZ9c7y989w,Jaiya,396 3rd Ave,"{'latitude': 40.742179, 'longitude': -73.980915}",823,3.5,10016
63e2dDq5WCbpaBlercQllg,Thai Essence,231 Franklin Ave,"{'latitude': 40.815803, 'longitude': -74.162223}",200,4.0,07110
bT4CDzyhV-frXV6ijvXnvw,Super Taste,26 Eldridge St,"{'latitude': 40.715117, 'longitude': -73.9933339}",564,4.0,10002
er4E7VCjDo0xE_IPu5o6Ig,Pongsri Thai Restaurant,244 W 48th St,"{'latitude': 40.76071, 'longitude': -73.98652}",518,3.5,10036
DtkyPDGAodq5bAesiFa-JQ,Amaze 58 Asian Fusion,1066 1st Ave,"{'latitude': 40.7590052, 'longitude': -73.9620854}",104,3.0,10022
8cyRl5HIQzbkYD7orq223g,SHI,4720 Center Blvd,"{'latitude': 40.745979, 'longitude': -73.957094}",817,3.5,11109
PJLClxTRhh2yOfp3kvxTFg,Suprema,92 Park Ave,"{'latitude': 40.8274383544922, 'longitude': -74.1047973632812}",133,4.5,07070
cJgOTr_PbcGE53-n8B-g1Q,Joe's Steam Rice Roll,36 St Marks Pl,"{'latitude': 40.72863, 'longitude': -73.98805}",75,4.0,10003
2CMgTjJoC3II30mxRy-G8A,Mira Sushi - Queens,153-11 Union Tpke,"{'latitude': 40.7197252, 'longitude': -73.810429}",206,3.5,11367
Jo0qR1uAC0oMnZbEjrEufw,New Khai Tri Deli,145 Canal St,"{'latitude': 40.71635, 'longitude': -73.99545}",1,1.0,10002
8qSOz7oTPUUCafsMOBBNEQ,Pisillo Italian Panini,97 Nassau St,"{'latitude': 40.710558, 'longitude': -74.007594}",593,4.5,10038
D3LtTiVtIPOcUT_bjxztRA,Teppan Bar & Grill,319 Warren St,"{'latitude': 40.718919, 'longitude': -74.038909}",547,4.0,07302
bRPq-Nmct5bOuOtsu8fC7Q,S'MAC,197 1st Ave,"{'latitude': 40.730212, 'longitude': -73.983724}",2191,3.5,10003
7wJTUI8NmBNmZoN4zrXCPw,Dumplings & Things,375 5th Ave,"{'latitude': 40.67109, 'longitude': -73.98453}",225,3.5,11215
tILjOLN-2D_F7Sx4kOFDMw,Miss Saigon Express,200 State Route 10 W,"{'latitude': 40.810276, 'longitude': -74.374386}",18,2.5,07936
ZUsSH8xPciM8EnQxqlKXCg,Thai Jasmine Resturant,106 Bayard St,"{'latitude': 40.7162099, 'longitude': -73.9999}",388,3.5,10013
fcCF0Kh_RCbv6KSVlb-Seg,Sticky Rice,85 Orchard St,"{'latitude': 40.71798, 'longitude': -73.99042}",377,4.0,10002
wQxJkDpO3kOSBRSsRi3CaA,Jade Eatery and Lounge,1 Station Sq,"{'latitude': 40.718933, 'longitude': -73.845291}",628,3.5,11375
1Ed-tb_0dBGrXfsYyehmvg,Momofuku 207,207 2nd Ave,"{'latitude': 40.731666, 'longitude': -73.985712}",2432,4.0,10003
EFihj7vsRRXiF5la-UURyw,Hop Kee,21 Mott St,"{'latitude': 40.714458, 'longitude': -73.998889}",795,3.5,10013
tmCl5SffCg4g4U-2Y9ZtfA,Sushi Fu Asian Cafe,400 Minnisink Rd,"{'latitude': 40.89646, 'longitude': -74.23433}",120,4.0,07512
lynQoI3w_pzYfHGeuUU-Qg,Shu Jiao Fu Zhou Cuisine Restaurant,118 Eldridge St,"{'latitude': 40.7184290357839, 'longitude': -73.9916928979573}",849,4.5,10002
lwfrB59lvpkCBw2FZD3X6w,Rex,864 10th Ave,"{'latitude': 40.768818, 'longitude': -73.988525}",542,4.5,10019
inftQdKaEEiqQ323AlomXg,Dek Sen,8608 Whitney Ave,"{'latitude': 40.741714, 'longitude': -73.878689}",269,4.0,11373
741IMLpXPq755tDaEYXAtA,Joe's Steam Rice Roll 石磨腸粉王,136-21 Roosevelt Ave,"{'latitude': 40.76012, 'longitude': -73.82941}",623,4.5,11354
nLftrsCMZX_k43jSWgnKUA,Sit & Wonder,688 Washington Ave,"{'latitude': 40.677513627085, 'longitude': -73.963737487793}",240,4.0,11238
Ece_DRuD1yQjRPJBAebRpw,Kung Fu Little Steamed Buns Ramen,146 E 55th St,"{'latitude': 40.7592514705491, 'longitude': -73.9694294705987}",319,3.5,10022
8QaVI3EgwfnflOaZRcwxAg,Clementine Bakery,395 Classon Ave,"{'latitude': 40.68756, 'longitude': -73.9596}",455,4.0,11238
KIERtmoOTz7r103MWw08nA,Cafe Chili,172 Court St,"{'latitude': 40.68801, 'longitude': -73.99334}",175,3.5,11201
l-AcQjh1DarxLq3Ur6vOxw,A & J Bistro,352 State Rt 10,"{'latitude': 40.8039571, 'longitude': -74.3623482}",282,4.0,07936
6jsGtz0vwEGZ44urQKQkeQ,Shopsin's,88 Essex St,"{'latitude': 40.718595, 'longitude': -73.988157}",710,4.0,10002
osnb51lPIHxUKRlcg7idwA,Kathy's Dumplings,7924 3rd Ave,"{'latitude': 40.6279735, 'longitude': -74.0293625}",225,4.0,11209
vKOSpBeW-lh7Q6a7To6XKw,Centre Thai Bistro,268B Atlantic Ave,"{'latitude': 40.6494457416305, 'longitude': -73.6665123020934}",167,4.0,11518
FgRJsieXorHgI-2XzGxh5A,Nikko Hibachi,177-21 Union Tpke,"{'latitude': 40.7262971, 'longitude': -73.7906424}",358,3.5,11366
-jdadX3fGXA2TDapnufYFA,DOUGH By Licastri,1456 Richmond Rd,"{'latitude': 40.59391, 'longitude': -74.09948}",158,4.5,10304
S-jThCG_S-7_xtm75nkB2Q,Jaya 888,90 Baxter St,"{'latitude': 40.7169062, 'longitude': -73.9998838}",290,3.0,10013
OA3VxeqHoLTWMHFC6QWYQA,Pret A Manger,100 Church Street,"{'latitude': 40.71307, 'longitude': -74.00962}",92,3.0,10007
-WHFEUqFUr7xhEKTq5DIww,Asian Yummy House,824 Broadway,"{'latitude': 40.6992196817664, 'longitude': -73.9395595889549}",15,2.5,11206
ak9vroilf-vpA_GSNWX2Jg,Imperial Palace,13613 37th Ave,"{'latitude': 40.761867, 'longitude': -73.830619}",435,4.0,11354
fPW_GBZsnBNsIzK62sCHBg,Xi'an Famous Foods,45 Bayard St,"{'latitude': 40.715082, 'longitude': -73.997342}",1004,4.0,10013
6ZUNlT0iiHUEwZ-46GQmrg,ChopStix Of Bay Ridge,8405 5th Ave,"{'latitude': 40.62256, 'longitude': -74.0253}",243,3.0,11209
_yWKwNjynMD93fe339j9Wg,MoCA Asian Bistro,107-18 70th Rd,"{'latitude': 40.72094, 'longitude': -73.84521}",541,3.5,11375
DsW8a9zwKWXBA_xOqKO-yQ,Dao Palate,329 Flatbush Ave,"{'latitude': 40.677953, 'longitude': -73.972753}",232,3.5,11217
yPLXIYxsw067-NoQe5Kp1A,Hawaiian Grill,30 Mall Dr W,"{'latitude': 40.727188, 'longitude': -74.038401}",41,3.0,07310
TcuWyuZAORVnQBPCMNbTgw,Beyond Sushi,62 W 56th St,"{'latitude': 40.76331, 'longitude': -73.97717}",683,4.5,10019
h4wpGRaMue8FSbcMcz1qPg,DD Thai Cuisine,184 W Passaic St,"{'latitude': 40.9135404, 'longitude': -74.0795847}",207,4.0,07662
KkMXFomcmJZBmDdmTMh8yw,New Malaysia,48 Bowery,"{'latitude': 40.7158109, 'longitude': -73.9964924}",711,3.5,10013
4D7pn_GzCgzYg6rna6htgQ,Blossom Asian Bistro,1490 Rt 23 N,"{'latitude': 40.9343185424805, 'longitude': -74.2682189941406}",136,4.0,07470
s0A9VCZLpwjHaKX3R7E1jA,Pret A Manger,342 7th Ave,"{'latitude': 40.748102, 'longitude': -73.993083}",76,3.5,10001
2tR7d61tBGNlGaJRYvrN0Q,Dumplings & Things,45-26 46th St,"{'latitude': 40.7425888323281, 'longitude': -73.9189697784327}",172,3.5,11104
GlTdgd8780RNXLvz8bTmFg,Egg Shop,151 Elizabeth St,"{'latitude': 40.7204574688656, 'longitude': -73.9952510689421}",1125,4.0,10012
JhJLPp6KuBcD3CHCkEKJ_A,Cocoron,16 Delancey St,"{'latitude': 40.72031, 'longitude': -73.99305}",995,4.0,10002
FoR70YoGSb4_QavCe1WZEw,Beyond Sushi,229 E 14th St,"{'latitude': 40.7329, 'longitude': -73.98588}",918,4.5,10003
5IZDQWTFj_rLYNl6QBjx5w,Aki Asian House,70 Washington St,"{'latitude': 40.7934285700321, 'longitude': -74.1988210380077}",116,3.5,07003
84zvcPTAVCsSVtzCUtSDtA,Cha Chan Tang 茶餐廳,45 Mott St,"{'latitude': 40.7153, 'longitude': -73.99896}",1042,3.0,10013
5z7OuOWuZRu6byp2XDKbQw,Saravanaa Bhavan,81 Lexington Ave,"{'latitude': 40.7414, 'longitude': -73.98306}",903,3.5,10016
lDNiL1R3c0WMUI9jocJOzA,Arbor Bistro,226 W Houston St,"{'latitude': 40.7287, 'longitude': -74.00485}",133,3.5,10014
rFAbOFYXyV0gZxM7XIYRAQ,Big D's Grub Truck,49TH Street Btwn 6th And 7th Ave,"{'latitude': 40.7596493126498, 'longitude': -73.9817600982608}",170,3.5,10020
BFe80peJUjkBYMliFoPu9Q,Kare Thai,752 10th Ave,"{'latitude': 40.7655031253324, 'longitude': -73.9911570940646}",139,3.5,10019
oizwTwvIitkCY_-czB8wqw,Pick Up Six,221 W 230th St,"{'latitude': 40.87746, 'longitude': -73.90698}",13,3.0,10463
hX7EZ8z_vrcnGjZ36laJNQ,Tornado Crepe,8610 Roosevelt Ave,"{'latitude': 40.7478287, 'longitude': -73.8799355}",48,4.0,11372
a1GTJ0bYuoc0gOjhCupBmw,New Kim Tuong,83 Chrystie St,"{'latitude': 40.71745, 'longitude': -73.99455}",74,3.5,10002
ipxeCjihDqXTMkuPe-CQ4A,Arunee Thai,78-23 37th Ave,"{'latitude': 40.7494503, 'longitude': -73.8873621}",312,4.0,11372
RPBQC0LGOI1FrXiGKn0jHw,Empire East NY,1445 Richmond Ave,"{'latitude': 40.61374, 'longitude': -74.1574104}",82,3.5,10314
n1g_W6D4TQRPf0Rm2rMBTA,Hale and Hearty Soups,2 MetroTech Center,"{'latitude': 40.6934653526478, 'longitude': -73.9857016759698}",44,3.0,11201
lZiCOr0Ww28wElqq9DgrxA,Pandan Asian Cuisine & Delicacies,406 Broad St,"{'latitude': 40.807403, 'longitude': -74.192741}",144,4.0,07003
6q6WWGaO75PQkpWOQ2zzHQ,Parisi Bakery,198 Mott St,"{'latitude': 40.7211836, 'longitude': -73.9954365}",410,4.5,10012
-Uc6m_rQqYSgRr8FBd63Yw,Dishes,6 E 45th St,"{'latitude': 40.755043, 'longitude': -73.978933}",298,3.5,10017
3W_yj4AVk32FIHnUvkB3sA,Dynamite Seafood,3720 Prince St,"{'latitude': 40.76018, 'longitude': -73.8330299}",154,4.5,11354
0ZbfYFiJivUzGWgOmjDRXQ,Cactus Restaurant,3850 Nostrand Ave,"{'latitude': 40.59003, 'longitude': -73.9401}",31,3.5,11235
833d7cqETGXFBem-ndDavg,Pret A Manger,425 Lexington Avenue,"{'latitude': 40.75225, 'longitude': -73.97495}",36,3.5,10174
48aOA2rflIt8d2zCSuNG2w,Tengu Sushi & Noodle House,5920 Fort Hamilton Pkwy,"{'latitude': 40.63332, 'longitude': -74.00567}",200,3.5,11219
6t22uVBh30DFT88rQ5e95A,Xing Wong BBQ,89 E Broadway,"{'latitude': 40.7135461657203, 'longitude': -73.9935723692179}",40,3.5,10002
8ObY1IkKWvx99nIOqRBshA,Chi Dumpling & Noodle,1 W 59th St,"{'latitude': 40.7645700126886, 'longitude': -73.9738467335701}",47,2.0,10019
p-rLkKnNekR7nplgWnAUYQ,Empire East,2740 Hylan Blvd,"{'latitude': 40.5654903, 'longitude': -74.1144495}",115,3.5,10306
vgG8hgJbPLKfx-n9TYqCDw,Ling Kee Beef Jerky,42 Canal St,"{'latitude': 40.71466, 'longitude': -73.99148}",176,4.5,10002
G2xZIm37iyKuzpWORDPT5g,Lan Zhou Handmade Noodles,136-20 Roosevelt Ave,"{'latitude': 40.75933, 'longitude': -73.82918}",100,4.0,11354
YKKBezfMxcwAYczzXl0rUg,Jackson Hole Burgers,521 3rd Ave,"{'latitude': 40.746144, 'longitude': -73.977485}",366,3.5,10016
knMH3uSyuiJfn2S2i41QSA,Chan's Gourmet,230 Kearny Ave,"{'latitude': 40.7589140765831, 'longitude': -74.151755146287}",25,3.0,07032
mmO9muETmuX4Noyitqw8xQ,Certe,22 W 55th St,"{'latitude': 40.761965, 'longitude': -73.97617}",174,4.0,10019
ku3TyaUBEkuQtQXKq80Zlg,Sun Sai Gai Restaurant,220 Canal St,"{'latitude': 40.717346, 'longitude': -73.9992751}",236,3.0,10013
Ql71zT_5wr1fTaPQDarE6g,Noodlefan,1029 Stuyvesant Ave,"{'latitude': 40.6968991079684, 'longitude': -74.2686759089077}",203,3.5,07083
zZecd370h2jxzh1kRJ4y2g,Asian Jewels Seafood Restaurant,13330 39th Ave,"{'latitude': 40.759076, 'longitude': -73.8337556}",1072,3.5,11354
73oPfvoU8GpS1u3OjL7HOg,Blossom Asian Bistro,379 Springfield Ave,"{'latitude': 40.71828, 'longitude': -74.35799}",25,3.5,07901
tPDhkjuT0IyUA26PySILwA,Buddha Asian Bistro,55 Hamilton St,"{'latitude': 41.002968, 'longitude': -73.857912}",113,4.0,10522
N4M7fPg6L097RSsQjsXtKw,The Wild Feast Cafe,88 North Village Ave,"{'latitude': 40.65958, 'longitude': -73.64834}",46,4.5,11570
7F9wHVknF_UW4OFVUDxtZQ,Amber Kips Bay,381 3rd Ave,"{'latitude': 40.74152, 'longitude': -73.98097}",272,3.5,10016
sSkLiIMnOBaN-XKwV5r3Cg,Spice,4745 Vernon Blvd,"{'latitude': 40.7444954, 'longitude': -73.9533234}",287,3.0,11101
fFbbQLGkb8DAtZXWeiC8YA,One For The Road,40-25 150th St,"{'latitude': 40.7633522, 'longitude': -73.8140952}",44,4.5,11354
lt3Leywt1pzy23OzDqYRVA,XO Taste,41 Elizabeth St,"{'latitude': 40.717025, 'longitude': -73.996971}",221,3.0,10013
kZIwBwL0XKcs4ti7b64Odg,Rice Shop,304 Washington St,"{'latitude': 40.74029, 'longitude': -74.03036}",243,2.5,07030
IdZ5DnGnAEXcmz2jZXGFiQ,Hiroshi Japanese Fusion,585 3rd Ave,"{'latitude': 40.74836, 'longitude': -73.97585}",188,3.5,10016
0yC40qHlgV3LTVx_jEr8pg,Park Asia,6521 8th Ave,"{'latitude': 40.6321623490724, 'longitude': -74.0128705497028}",265,3.5,11220
CP5uo6PaoStDTYgr6d1IDA,Pret A Manger,11 W 42nd St,"{'latitude': 40.7543, 'longitude': -73.98179}",167,3.5,10036
TPmyEYOmvpOvihbQk-wJwA,City Sandwich,649 9th Ave,"{'latitude': 40.760711, 'longitude': -73.991306}",495,4.0,10036
ED1MeTxK9dohGPA6DKslQw,Slimak,4110 4th Ave,"{'latitude': 40.65143, 'longitude': -74.00787}",170,4.5,11232
25_LmknCs_TZMH_9R87mJg,Pret A Manger,350 Hudson Street,"{'latitude': 40.7275602221489, 'longitude': -74.0072221308947}",59,3.5,10014
fYKcfxFWcdAxp1pHvjpjdw,Village MA,107 MacDougal St,"{'latitude': 40.72992, 'longitude': -74.00095}",6,1.5,10012
VhBFncnsCU_O5YlXgsmumQ,Umi Sushi And Lounge,4508 Parsons Blvd,"{'latitude': 40.755338, 'longitude': -73.815649}",25,2.5,11355
sXxpqjRajbspzLRdv_6QBw,Simple Asia,2333 Hylan Blvd,"{'latitude': 40.5746530841284, 'longitude': -74.1058338806033}",127,4.5,10306
I6XC8dNxUzIcIOEbq3LJsQ,Number One Chinese Restaurant,6514 Park Ave,"{'latitude': 40.78975, 'longitude': -74.00513}",23,4.0,07093
7rxA2Ne0ON6iHFBJ6TJDIg,Luck Thai,386 5th Ave,"{'latitude': 40.6708409022866, 'longitude': -73.9847199825745}",158,3.5,11215
os8cOXJhcrzl4C5NQ8Uttw,Asia Dog,176 Lafayette Ave,"{'latitude': 40.6877253935472, 'longitude': -73.9695924467433}",23,2.5,11238
rBUTVjRs5CcEMe3dfVRZJQ,Ho Foods,110 E 7th St,"{'latitude': 40.72634, 'longitude': -73.98478}",294,4.0,10009
ieOIBz6Gfqmwm1B0wUzh9g,Mama Lee,213-12 48th Ave,"{'latitude': 40.755368, 'longitude': -73.767415}",489,4.5,11364
ZLCv2BKISBqmuYSWnFvFTg,Astoria Bier and Cheese,34-14 Broadway,"{'latitude': 40.76041, 'longitude': -73.92264}",353,4.5,11106
PXm4BNjTgWHYClemDAkDjw,Asian Kitchen,8543 Grand Ave,"{'latitude': 40.7358398, 'longitude': -73.8809509}",30,4.0,11373
YO0bwysPk_gMCClZ_6AGIg,Kitchen On 8,5904 8th Ave,"{'latitude': 40.63608, 'longitude': -74.00931}",3,2.5,11220
egj-Wx-beN1YUhreslnQpw,TOKU,2014 Northern Blvd,"{'latitude': 40.7960068581676, 'longitude': -73.6740023240314}",409,3.5,11030
xCUkWulAEHlbDvPwPZYgtw,New Belacan Restaurant,5918 8th Ave,"{'latitude': 40.6358642578125, 'longitude': -74.0095367431641}",73,2.5,11220
soidt7z5ZnIxO6nBx2F2UQ,Pacificana,813 55th St,"{'latitude': 40.63821, 'longitude': -74.00608}",335,3.5,11220
Y5NjZuIkWnV-ntd7BeUjzg,Happy Lamb Hot Pot,136-59 37th Ave,"{'latitude': 40.762281, 'longitude': -73.829041}",646,4.0,11354
lEUzamk42G4kkVXFdhExSw,Golden Sands Cafe,1924 Ave U,"{'latitude': 40.599075, 'longitude': -73.951736}",13,3.0,11229
-S_tOPcfwhxO5NTHQEjIrA,Dishes,399 Park Ave,"{'latitude': 40.75932, 'longitude': -73.97209}",162,3.5,10022
iTke4ZsI0WyAHD6fmAtRLA,Coco Malaysian Cuisine,8269 Broadway,"{'latitude': 40.741662, 'longitude': -73.8804985}",258,3.5,11373
g49LgowVuYK3mNFAU75cww,Vivi Bubble Tea,113 Court St,"{'latitude': 40.6906, 'longitude': -73.99178}",41,4.0,11201
tsHdT1GDibhYYA0JA7Z9tg,Xi'an Famous Foods,37 W 54th St,"{'latitude': 40.7620999, 'longitude': -73.97732}",485,4.0,10019
N_lF4aVGdJbHkDcOIqEpBA,Savoy 4 Bakery,4501 4th Ave,"{'latitude': 40.64899, 'longitude': -74.00944}",35,4.0,11220
V7lXZKBDzScDeGB8JmnzSA,Katz's Delicatessen,205 E Houston St,"{'latitude': 40.722237, 'longitude': -73.9875259}",12422,4.0,10002
K8HudfRZP6DBGCfxnWBA4w,Big Bang Noodles,691 US Hwy 1,"{'latitude': 40.5088892, 'longitude': -74.3900919}",100,4.0,08817
aMUu0H6jsUDqdmSuAZeZsg,Ajisen Ramen,14 Mott St,"{'latitude': 40.7141461347865, 'longitude': -73.9986339460327}",400,3.5,10013
_usWsAYSKKV2q8xw-3ajrA,Nom Wah Tea Parlor,13 Doyers St,"{'latitude': 40.714490521829, 'longitude': -73.998153857324}",2022,3.5,10013
_tII-JpeU67AJgq1gRqg_w,Yumi,802 Pelham Pkwy,"{'latitude': 40.893762, 'longitude': -73.820514}",185,3.5,10803
q3DA0poiO5h1DPu0Rfhygg,Fushia Restaurant,44-29 9th St,"{'latitude': 40.7500843, 'longitude': -73.9515551}",57,3.5,11101
S1yH5vdJh2L2UIb7zJ2OHg,Mito,64-18 108th St,"{'latitude': 40.732417, 'longitude': -73.849864}",384,4.0,11375
ECKMWJwm_sihRQIP1ydeOA,New Golden Chopstick Chinese Restaurant,77 Pearl St,"{'latitude': 40.70404, 'longitude': -74.01049}",38,3.0,10004
RZBafaO3p6DicLAHXNq0xA,Shun Deck Restaurant,2332 86th St,"{'latitude': 40.599873, 'longitude': -73.990883}",82,2.5,11214
O0LnIgpmcN-l4RhLitQkPg,Elyssia's Kitchen,190C Bloomfield Ave,"{'latitude': 40.80862, 'longitude': -74.21222}",55,4.0,07042
GL5uAsPhu0bnAjrJGa-1Gg,A Mix 47,4703 Ave N,"{'latitude': 40.618942, 'longitude': -73.929569}",2,3.0,11234
ov8JN2CZGk0fwDO3rtQYSg,Rice Thai Kitchen,311 7th Ave,"{'latitude': 40.6672784920202, 'longitude': -73.9810291188879}",214,3.0,11215
79-I5OTfhsfPCZGgcB4J5A,Mizu Sushi,29 E 20th St,"{'latitude': 40.739068, 'longitude': -73.9889649}",252,3.5,10003
fpyMIQWUDUzB8vzeAQRKOg,Kazia Rae's Restaurant,49 Carr Ave,"{'latitude': 40.4535293997215, 'longitude': -74.1353174613525}",97,4.5,07734
JTFc6V7JLTdiUL3LuH7LiQ,Lotus Cafe,450 Hackensack Ave,"{'latitude': 40.9094, 'longitude': -74.03053}",179,3.5,07601
P2bxlKAmRWZIpHdJ_JT3fg,East Harbor Seafood Palace,714 65th St,"{'latitude': 40.633533, 'longitude': -74.014343}",690,4.0,11220
zzBs458_Te-DQSCMknkrdA,Yong Kang Street,1 Garden State Plaza Blvd,"{'latitude': 40.91631, 'longitude': -74.076394}",19,3.5,07652
OIBBmeDbH8K6FRT7ImM7tQ,Vietnamese Sandwiches,164 Pearl St,"{'latitude': 40.7058323174715, 'longitude': -74.0075889229774}",2,2.0,10005
ow-4pJBSilK_Y0pSeL_V8A,Pret A Manger,857 Broadway,"{'latitude': 40.73734, 'longitude': -73.99056}",201,3.5,10003
sb4AmNQbSwoMgs0eYBbEXQ,New Forest Cafe,7617 New Utrecht Ave,"{'latitude': 40.6144279270546, 'longitude': -74.000391201673}",47,3.5,11214
91rrB0aH3caC70oCkxAynA,Deluxe Green Bo,66 Bayard St,"{'latitude': 40.715540215765, 'longitude': -73.9981645926656}",647,3.5,10013
Qacx-Vge9JcfkCPdkhle3Q,Chef's Secret,137 E 45th St,"{'latitude': 40.7533416748047, 'longitude': -73.9739837646484}",74,1.5,10017
KUPW7d_EX2DcLrzGE5-GLQ,Hale and Hearty Soups,369 Lexington Ave,"{'latitude': 40.75039, 'longitude': -73.97664}",21,3.0,10016
mmQuBKL2Q3HCBqQrR7FmQA,Yummy Asian Food,226 E 3rd St,"{'latitude': 40.722099, 'longitude': -73.982215}",7,1.5,10009
c1HgKFOT4Cc7TqWQD5mQBQ,Cheong Fun Cart,159 Hester St.,"{'latitude': 40.7176279773311, 'longitude': -73.9963736857056}",78,4.5,10013
X4TgyhDDomDVbCvDAKe3PA,Bajie BBQ 八戒烧烤,133-18 39th Ave,"{'latitude': 40.75895, 'longitude': -73.83373}",36,3.5,11354
KJsmqYpiAP9hflkF3gaoPA,OHBA Asian Fusion,979A Second Ave,"{'latitude': 40.7560997009277, 'longitude': -73.9679794311523}",1,1.0,10016
InEqFA1IvuSLhvDBXhBR0w,The Penthouse - Ravel Hotel,8-08 Queens Plz S,"{'latitude': 40.7541228285616, 'longitude': -73.9491779487454}",985,3.0,11101
2pp_9lJ4B7NHvgtCX_R1Vw,Edison Noodle House,1871 State Rt 27,"{'latitude': 40.51593333, 'longitude': -74.40203667}",101,3.5,08817
YCBjn0t4bMaQb8Bk7l37ng,Gan Asia,691 Amsterdam Ave,"{'latitude': 40.7923393, 'longitude': -73.971405}",45,2.5,10025
-4pRolL6EQddbv4iHrIZwQ,Panda Express,1277 1st Ave,"{'latitude': 40.7658172332478, 'longitude': -73.9577729254961}",96,3.0,10021
XkL6fOBtaIqVCMXVCY9row,H K Wonton Garden,79 Mulberry St,"{'latitude': 40.7164688110352, 'longitude': -73.9992752075195}",747,3.5,10013
vS27atIOccWbH1gV9r9Cbw,SOYSAUCE Glatt Kosher Chinese,68-22 Main St,"{'latitude': 40.7337175, 'longitude': -73.8253763}",48,3.5,11367
dbfFj6ENhWieONl7iWU_zw,Pink Forest,72-01 Austin St,"{'latitude': 40.7193406921021, 'longitude': -73.8424153243383}",114,3.0,11375
cn3JXMq29UfRkFCUD0Bhbw,Fried Dumpling,106 Mosco St,"{'latitude': 40.7145984, 'longitude': -73.9993465}",520,3.5,10013
QbYu8IwLadGZ9I2mDnDG1Q,Haiku,717 White Plains Rd,"{'latitude': 40.9712262583176, 'longitude': -73.8064784883648}",103,3.5,10583
tGg27PZub_62TZGcRHfxSg,Essen Fast Slow Food,160 Varick St,"{'latitude': 40.7267926, 'longitude': -74.0053737}",149,3.0,10013
FH978pIP1TLRuPAH-MbWIQ,Jing Fong Restaurant,20 Elizabeth St,"{'latitude': 40.7159552385198, 'longitude': -73.9971831076206}",2381,3.5,10013
2qPxJJXTBk6PEsf9q3QAOQ,New Garden Restaurant,99 Main St,"{'latitude': 40.830591, 'longitude': -73.689637}",41,3.5,11050
ZxWjyTmw84TCjjqAb82h-g,Caffe Bene,208 Ave A,"{'latitude': 40.729515, 'longitude': -73.980651}",176,3.0,10009
_6Rhl64eJRC_mPGtMNpPXg,Sunny Palace,1069 Rt 18 S,"{'latitude': 40.4188159090467, 'longitude': -74.3752274084048}",260,3.5,08816
ZAH-STBbQFYzn3BGMJ70yA,Brown Bag Express,3114 Lawson Blvd,"{'latitude': 40.6354116, 'longitude': -73.6543309}",4,5.0,11572
UD2OkB8Ro9Dathk9FOHTlA,Main Moon Chinese Restaurant,427 N Wood Ave,"{'latitude': 40.6325158, 'longitude': -74.2566573}",28,4.0,07036
MgdD2DikZWsSkBNu4Lzh6A,Chop Chop,501 W 184th St,"{'latitude': 40.85012, 'longitude': -73.92987}",46,3.0,10033
UmLUFOURXbh3VSJH16lJbg,Little Thai Kitchen,13 Popham Rd,"{'latitude': 40.9889049, 'longitude': -73.8088758}",113,3.0,10583
GSEu30fNd63PHqzt8NwP8A,Nemo Asian Fusion & Sushi Bar,27 W Front St,"{'latitude': 40.437415, 'longitude': -74.203054}",116,4.0,07735
A1ZL9ukJ1m5gxSgHTGs3UQ,Incredi Fusion Inc.,363 3rd Ave,"{'latitude': 40.7408142089844, 'longitude': -73.9812774658203}",10,3.5,10016
4LbxwEK0z8JoeWTtJzotOg,A Taste of Asia,245 Main St,"{'latitude': 40.740608299495, 'longitude': -74.382316843123}",136,4.0,07928
Ja4MWGAyPw74Oy6HJ5RizA,Rickshaw Dumpling Truck,66 Wall St,"{'latitude': 40.7058343291283, 'longitude': -74.0083741396666}",142,2.5,10004
6zM0c7vvoddgza_qvKkATw,Golden Unicorn,18 E Broadway,"{'latitude': 40.7136770496642, 'longitude': -73.997163364418}",1773,3.5,10002
RDsn56-SOlE0cPDXsVz12A,Wild Ginger,424 Sunrise Hwy,"{'latitude': 40.65713, 'longitude': -73.6374}",404,3.5,11570
7CloPu57SYPIrJAB1Ie0Ew,DhanShiri,169-28 Hillside Ave,"{'latitude': 40.710867, 'longitude': -73.7921906}",75,3.5,11432
POA4ua0BjwnJgzNWxkHmUA,Wong Wong Noodle Shop,5410 8th Ave,"{'latitude': 40.6387557983398, 'longitude': -74.0065307617188}",51,3.5,11220
iB1tr_xJk7aAt0AhewoB9Q,Thai-Nam Restaurant,137 E 45th St,"{'latitude': 40.7532501, 'longitude': -73.9740524}",44,2.0,10017
ypGzLFySw_JBin1noTz2Nw,Hale and Hearty Soups,462 7th Ave,"{'latitude': 40.75191, 'longitude': -73.99019}",152,3.0,10018
GtfhGhWmr1kQ4EnFTlwg7w,by CHLOE,185 Bleecker St,"{'latitude': 40.729219, 'longitude': -74.001021}",1665,4.0,10012
QDWWhYd571INh669LuPNQQ,Pret A Manger,60 Broad St,"{'latitude': 40.70534, 'longitude': -74.01163}",89,3.5,10004
T3KK5s1HaPGokXEc5Z8vOg,Zen Fusion Cuisine,79-28 Parsons Blvd,"{'latitude': 40.7205142, 'longitude': -73.8093901}",222,3.5,11366
m1sfDqgDiKKyUaXo9DWVeQ,Bodai Vegetarian Restaurant,136-20 Booth Memorial Ave,"{'latitude': 40.7470013, 'longitude': -73.8284668}",295,4.0,11355
53lgp8fFEuK3Yo7yeXc89A,Tim Ho Wan - Hell's Kitchen,610 9th Ave,"{'latitude': 40.75935, 'longitude': -73.99175}",385,3.5,10036
iiZpFWVd1Cmd-cSOanmXAA,Fusha Asian Cuisine,1065 1st Ave,"{'latitude': 40.75915, 'longitude': -73.96252}",212,3.5,10022
gj3TK9OEeXbb2-3Yp2Laxg,Bamboo Garden,6409 8th Ave,"{'latitude': 40.632924, 'longitude': -74.011871}",168,3.5,11220
fkqKw3op6CzWuA0q6VFULQ,Red Plum,251 Mamaroneck Ave,"{'latitude': 40.950723, 'longitude': -73.7340941}",197,3.5,10543
EWE1XzS_ng8abdHtEpA0cQ,Caffe Bene,39 W 32nd St,"{'latitude': 40.748237, 'longitude': -73.987322}",462,2.5,10001
oWOTMM7KdH2TOXCnnJyMHQ,Wild Ginger,175 Maplewood Ave,"{'latitude': 40.7307701, 'longitude': -74.2784271}",101,3.5,07040
tS4aiWBYgzlqKX898jr3_w,Shun Wang Restaurant,81-25 Broadway,"{'latitude': 40.7431373596191, 'longitude': -73.8830413818359}",169,4.0,11373
8N_1L6LnCRQ_sH008U6Slw,Bangla Bazar,63 Church Ave,"{'latitude': 40.64233, 'longitude': -73.98091}",1,4.0,11218
jDDKjSkJOJV9uVjAs51PEw,Food King,288 Main St,"{'latitude': 40.78756, 'longitude': -74.23185}",22,3.0,07052
Gm40rdmy99JZ7FFvRKf88g,Fresh Kitchen,270 Madison Ave,"{'latitude': 40.7512341, 'longitude': -73.9807114}",36,3.5,10016
YmmPh82J50V41fOfalR0sA,Pret A Manger,530 7th Avenue,"{'latitude': 40.754104, 'longitude': -73.988868}",67,3.5,10018
zXzadqh7k9rRxHjQANpqpw,Rich Restaurant,2485 Eastchester Rd,"{'latitude': 40.86254, 'longitude': -73.84363}",18,3.5,10469
yDR9eVFATpyzrz3x1DtJGg,"Aroy-D, The Thai Elephant Truck",1 14th St Hoboken Nj,"{'latitude': 40.75293, 'longitude': -74.02495}",39,3.5,07044
tVE5TyJ4NYj_Vw_6mFyRig,Hale and Hearty Soups,927 8th Ave,"{'latitude': 40.76539, 'longitude': -73.98408}",92,3.0,10019
z6tXIo_91n3GiBM-ySsgIQ,Kung Fu Tea,28 St Marks Pl,"{'latitude': 40.72885, 'longitude': -73.98857}",244,4.5,10003
htAcLoJzr01QQE_wh1hRNQ,News Bar Cafe,107 University Pl,"{'latitude': 40.73414, 'longitude': -73.99222}",238,3.5,10003
NyaVfDVGXmso9RIIbiWOPg,Panda Kitchen,1094 E Elizabeth Ave,"{'latitude': 40.661613, 'longitude': -74.211281}",20,2.5,07201
lQeuBd1k7Q6rtsVY9hTjCw,Season Restaurant,1321 Ave U,"{'latitude': 40.598772870144, 'longitude': -73.9575127512217}",48,3.0,11229
Bo40JZWcbtzBQooibgiumA,Chopt Creative Salad Co.,341 Amsterdam Ave,"{'latitude': 40.78126, 'longitude': -73.97929}",80,3.0,10024
nYhEcrY0zqh6Hc3-ERcVXw,Silk Road Cafe,30 Mott St,"{'latitude': 40.714702, 'longitude': -73.998573}",163,3.5,10013
1qxqC-CHqddCDlQmHaxcMQ,Midtown Philly Steaks,523 Washington St,"{'latitude': 40.742945, 'longitude': -74.029138}",244,4.0,07030
eZ_8cFyqTdDzowmA21Wh7g,Yummy Yummy Asian Bistro,153 E Park Ave,"{'latitude': 40.5888970289108, 'longitude': -73.6598920015136}",149,3.0,11561
wUKR0A14ZwXfHDLjtiaT_g,Kaya Asian Fusion Bar,334 N Main St,"{'latitude': 40.884836, 'longitude': -74.082217}",111,4.5,07644
oLYnY3SKNqIwERzZXOc63A,Myrtle Bagel,410 Myrtle Ave,"{'latitude': 40.6930314149359, 'longitude': -73.9693918107215}",81,3.5,11205
tf3RVircY9-8adku41N6VQ,Superiority Burger,430 E 9th St,"{'latitude': 40.72739, 'longitude': -73.98355}",605,4.0,10009
1aD88qNRb08LGBkl84GQTA,Little Collins,708 3rd Ave,"{'latitude': 40.75233, 'longitude': -73.97353}",827,4.5,10022
1h14NZ5OYv8ugIuk0I5J3A,Babo Teahouse,10 River Dr S,"{'latitude': 40.726618303051, 'longitude': -74.032028137452}",269,3.0,07310
sbUSms-JHodarRfxNmuqlQ,Little Dumpling,252-20 Northern Blvd,"{'latitude': 40.770172, 'longitude': -73.7357067}",652,4.0,11362
l0zNwRbEQFP1pbbdXZZxcg,Mai Thai Thai Kitchen,4618 8th Ave,"{'latitude': 40.64305, 'longitude': -74.00192}",178,3.0,11220
7HgchBR4V8oThhEnXRQbEQ,Moo Shu Duck,253-13 Northern Blvd,"{'latitude': 40.7710604228479, 'longitude': -73.7353045031623}",75,4.0,11358
53y6b_-YaptXhlm2-STzeA,XO Kitchen,148 Hester St,"{'latitude': 40.717449983677, 'longitude': -73.9960411841547}",521,3.5,10013
MTxpNRZZcGCM8qocoF6PZQ,Aria Fusion,385 Halstead Ave,"{'latitude': 40.969349926346, 'longitude': -73.7086794732351}",74,3.5,10528
gJSX5IDyhjeMjz9IS2DIwQ,Veggie Heaven,473 Cedar Ln,"{'latitude': 40.889845, 'longitude': -74.023091}",450,4.0,07666
B4K8fY9UFf1sZ7haSNHtdg,Little Buddha,251 Market St,"{'latitude': 40.9660443977456, 'longitude': -73.8572451443301}",239,2.5,10710
UDw8iFBW9Ll9RPAQmLKBbA,Water Moon,66 Purchase St,"{'latitude': 40.984400235209, 'longitude': -73.684663518244}",111,3.0,10580
79xCcUlhPtZ5tZFlTRDUsQ,Yard House,237 Market St,"{'latitude': 40.963557, 'longitude': -73.856217}",817,3.5,10701
6CTNvNmu1rS16HEzs2O-sQ,Umi Asian Fusion,78 Covert Ave,"{'latitude': 40.7208941, 'longitude': -73.68834}",88,4.0,11530
kwm4jKNtuOvbyYxmQeUm-A,Double Red,1818 Avenue U,"{'latitude': 40.59909, 'longitude': -73.95289}",8,2.5,11229
fUBE0G6F-NR3I6IYjOUgeA,Lan Zhou Handmade Noodle,41-28 Main St,"{'latitude': 40.75723, 'longitude': -73.82937}",165,4.0,11355
pKlT6DkAFuF1Ip0oRvryzQ,Legendary Sizzling Inc,1962 86th St,"{'latitude': 40.604761, 'longitude': -73.999101}",1,2.0,11214
8_2KPV9rrJrgsZBAouNNnQ,La Parilla De Manilla,1159 Saint Georges Ave,"{'latitude': 40.5785029, 'longitude': -74.294484}",106,3.5,07067
CcX-4TlYLgxGsQS8SLBEXQ,Phattra Thai Restaurant,426 Main St,"{'latitude': 40.54228, 'longitude': -74.36151}",292,4.0,08840
-mDGXk31S7-fLHQoqS6yZw,Wild Ginger,48 Great Neck Rd,"{'latitude': 40.785665, 'longitude': -73.7280862}",226,3.5,11021
vN9DFz1Xn0TDqpYjvgaBHg,Wild Ginger,10 Park Pl,"{'latitude': 40.94003, 'longitude': -73.8339699}",174,3.0,10708
ntkrxOSYT5VtTL4Z5jmmeA,Ground Central,155 E 52nd St,"{'latitude': 40.757575, 'longitude': -73.970321}",638,4.0,10022
WnaNR8I1Udv6zIB1q4hBAg,Asian Grill,28 Prospect St,"{'latitude': 40.97895, 'longitude': -74.11929}",26,3.5,07450
wCA2kvIfrkzhBQ225VKspA,88 Palace Restaurant,88 E Broadway,"{'latitude': 40.714, 'longitude': -73.99439}",207,3.0,10002
kq7fKh7mOt-ctn8dRHFpEA,Chidori,9709 64th Ave,"{'latitude': 40.7298925, 'longitude': -73.8602819}",129,3.5,11374
Ns8_SJw1cTUM2Uc7BIHY9w,Penang Malaysian & Thai Cuisine,505 Old Post Rd,"{'latitude': 40.5154075622559, 'longitude': -74.3781127929688}",452,3.5,08817
f1MSMLQPpY_-L4YnWgUPcQ,Dr Sea Bar & Hot Pot,45-08 Parsons Blvd,"{'latitude': 40.7554319252327, 'longitude': -73.8154046076633}",27,3.0,11355
tFu5EO6WMWRCXeaS34Gr1A,Pret A Manger,880 3rd Ave,"{'latitude': 40.757954, 'longitude': -73.969508}",42,3.5,10022
T0wxp2w13IHf-XX-m97d0w,Hale and Hearty Soups,207 Glen Cove Rd,"{'latitude': 40.7474875, 'longitude': -73.6175445}",128,3.5,11514
7UiP_SbKrP9a8x6o60RKxg,Penang Street Southeast Asian Kitchen,561 US Route 1,"{'latitude': 40.50674, 'longitude': -74.39655}",48,4.0,08817
6bULKjZok0J0RGcAc3ts7g,Sushi Lounge,235 Rt 46 W,"{'latitude': 40.894686, 'longitude': -74.233402}",301,3.5,07511
VcBUmYGp-MvHiAF2_m1R7Q,Sunny Asia Sushi & Asian Cuisine,519 Morris Ave,"{'latitude': 40.7266993, 'longitude': -74.3739001}",36,3.5,07901
JdNzj7EGQLC9eqqw3SYBPg,The Organic Grill,123 1st Ave,"{'latitude': 40.72737, 'longitude': -73.98578}",441,3.5,10003
KReYd1ipAcFIak--SOJtNg,Roll Smash Ice Cream Bar,45-43B Bell Blvd,"{'latitude': 40.7590661, 'longitude': -73.768654}",46,4.0,11361
uSd4pALmX7OADfV1d4BkzA,Gong Cha,343 Bloomfield Ave,"{'latitude': 40.811942, 'longitude': -74.214721}",35,4.0,07042
PN0gjCha_CIVwc_twNByYg,Mason Sandwich Company,33 Mill Rd,"{'latitude': 40.956389, 'longitude': -73.8116096}",316,4.5,10709
E66o9V67JyOrsw8IM2LImQ,Pret A Manger,24 West 23rd Street,"{'latitude': 40.74174, 'longitude': -73.99077}",80,3.5,10010
VfKrIi77J0_ufdHneUw8dw,Don Julio Restaurant & Chifa Men Wha,50 Marshall St,"{'latitude': 40.64553, 'longitude': -74.1891799}",62,3.5,07206
RCXM7Ot1CVdx2p5nUcFqrQ,Shanghai Noodle House,518 Old Post Rd,"{'latitude': 40.51606, 'longitude': -74.37676}",232,3.5,08817
byNxzNIqXMVBBF1XKlZVwA,Guiradelco,324 Post Ave,"{'latitude': 40.7605099, 'longitude': -73.58735}",94,3.5,11590
H4LXobXzxq6brnmSfwsLmg,Pearl East,1191 Northern Blvd,"{'latitude': 40.79151, 'longitude': -73.70205}",178,3.5,11030
zaCSfvAdnR6g_ehWYMU8Mg,Buddha,1 Rye Ridge Plz,"{'latitude': 41.0035104, 'longitude': -73.6835463}",114,2.5,10573
qQ-qav5HMN88F4zY6j6Vew,May King Oriental Food Svc,3110 Long Beach Rd,"{'latitude': 40.63625, 'longitude': -73.64063}",18,3.5,11572
5DcxBNwS7mSF7vPKS-1cew,Chopt Creative Salad Co.,145 West 51st St,"{'latitude': 40.7612033759921, 'longitude': -73.9811745920357}",145,3.0,10019
N9wBAupo5QjqmnSyVa6wKA,Pret A Manger,1200 Ave of Americas,"{'latitude': 40.7579714, 'longitude': -73.9814932}",118,3.5,10036
mWs_KlKPJ-JJs27MJ2wn-g,Golden Dynasty Chinese Restaurant,295 Kinderkamack Rd,"{'latitude': 41.01058, 'longitude': -74.03423}",110,2.5,07642
DmvSaHlolf8ahBIDYFFH9Q,Thai House,321 Millburn Ave,"{'latitude': 40.7244108, 'longitude': -74.3059894}",130,3.5,07041
B3H2sw4jXR8WLHmIYfw5Kg,A Taste of Shanghai,39-07 Prince St,"{'latitude': 40.759707, 'longitude': -73.832029}",164,3.0,11354
uNA_w-leFVR_vlHAzASR8Q,Ginban Asian Bistro,421 Mamaroneck Ave,"{'latitude': 40.9522219, 'longitude': -73.7361836}",117,3.5,10543
TM8wJkjBw2NFzBp6Yy5HFA,Ikraveit Foods,34-02 30th St,"{'latitude': 40.7599291205406, 'longitude': -73.9282169938087}",135,3.0,11106
2izAypmsxfedJVyWu1DGVw,Gong Cha,867 US Hwy 1,"{'latitude': 40.5145165, 'longitude': -74.376853}",139,4.5,08817
sP-NOp5M-AKSHVqZsKm6yw,Hanami Restaurant - Westwood,301 Center Ave,"{'latitude': 40.992548, 'longitude': -74.032062}",151,3.5,07675
aGbBSy41x-libM8AEoaTJQ,Yummy House,2452 Eastchester Ave,"{'latitude': 40.8624602632489, 'longitude': -73.843219760873}",38,2.0,10469
PBnKyvN6dOGW8RYwjsPn7w,Haiku Asian Bistro,56 Pondfield Rd,"{'latitude': 40.9407767, 'longitude': -73.8338885}",176,3.0,10708
yVJc_3K4yzvKPDnxJ_3TEg,Chopt Creative Salad Co.,80 Pine St,"{'latitude': 40.706293, 'longitude': -74.00703}",188,3.0,10005
SyvC0s3y0ZrtnLbwnvw7tw,Tim Ho Wan,85 4th Ave,"{'latitude': 40.731338, 'longitude': -73.990145}",1715,3.5,10003
DyxSrWgFUodeOpfgNcGn9w,Pret A Manger,30 Rockefeller Plz,"{'latitude': 40.758852, 'longitude': -73.978968}",80,3.5,10012
BG7n2MXUNCFcl8cReeg6cQ,Boston Market,5124 Northern Blvd,"{'latitude': 40.751884, 'longitude': -73.9096821248859}",46,3.0,11377
oY8nzpclx8n8NDCOr-dFiw,Lemon Tree Asian Cuisine,27 Cedar St,"{'latitude': 41.01529, 'longitude': -73.87193}",43,3.0,10522
RGnWIHygEis4uEtO_uR6RQ,Dishes,48 Grand Central Terminal,"{'latitude': 40.752658, 'longitude': -73.976298}",46,2.0,10017
xK8VkEUjAdfrtUBHhvs4Ww,456 New Shanghai,69 Mott St,"{'latitude': 40.71627, 'longitude': -73.99822}",551,3.5,10013
73Tl-X_O1_NFUE8jQcE37w,Paradise Island Fine Chinese Cuisine,344 Hillside Ave,"{'latitude': 40.7541768, 'longitude': -73.65348}",2,3.5,11596
DWVVS482Wj4EdyYAdj_nsA,Crown Palace,1283 Rte 35,"{'latitude': 40.400315, 'longitude': -74.117901}",84,3.0,07748
sZ-Y_NgZQOvNS70V1IYjSA,Pinshang Hot Pot,20-07 127th St,"{'latitude': 40.781519, 'longitude': -73.8408955}",81,4.0,11356
yPao27Ea771rhy39WICAGA,Little Kitchen,143 Mamaroneck Ave,"{'latitude': 40.94965, 'longitude': -73.733}",91,3.5,10543
T4yKvlaCm0Y3TeWc2Or5Mg,Bollywood Grill,435 N Beverwyck Rd,"{'latitude': 40.876295, 'longitude': -74.3814138}",276,4.0,07054
NmJ2xtfZrscfWB_a5wEbXQ,Home's Kitchen Chinese Restaurant,22 E 21st St,"{'latitude': 40.73944, 'longitude': -73.98912}",183,3.5,10010
rpFuoLoIKl-79G1dOFAfOQ,Pret A Manger,350 Park Avenue,"{'latitude': 40.7583021, 'longitude': -73.9737259}",15,3.0,10016
S0jVpAmUCvxB9oO8g-GOrw,Pret A Manger,389 5th Ave,"{'latitude': 40.74978, 'longitude': -73.9833699}",94,3.5,10016
53gU4WPWw4SJoijYXKknVw,Jian Chinese Restaurant,25435 Horace Harding Expy,"{'latitude': 40.7647145, 'longitude': -73.7260375}",84,2.5,11362
cSXzym7CBQvQEEYU_0XmVw,Tasty House Chinese & Japanese Asian Cuisine,857 Midland Ave,"{'latitude': 40.93569, 'longitude': -73.86108}",87,3.5,10704
ER_CRPW6Y0hsA3dwbaWrCQ,Pret A Manger,400 Park Ave,"{'latitude': 40.760036, 'longitude': -73.972441}",45,3.5,10022
rNVGbnraymXL9tVwWwrIvw,Gong Cha,1630 Lemoine Ave,"{'latitude': 40.8506348129876, 'longitude': -73.97012013942}",39,4.0,07024
WxSkZuBjEIPQbE2vJSjESA,China Wok,1026 W Beech St,"{'latitude': 40.585819, 'longitude': -73.697474}",12,3.5,11561
VWGxzW6k5xWsKkqezidjCQ,SushiO Asian Bistro,691 US Hwy 1,"{'latitude': 40.5087748202378, 'longitude': -74.3910295817617}",267,4.0,08817
ylM8udon7iX9hltRpxrEdg,Kam Man Food,511 Old Post Rd,"{'latitude': 40.514835, 'longitude': -74.377699}",76,3.5,08817
J5YMEzkPrDFTCIFIfK-3bg,MoCA Asian Bistro,1300 Peninsula Blvd,"{'latitude': 40.645351, 'longitude': -73.704314}",172,3.5,11557
fV6MsRyCYp5Yasc1lfbvEw,Wonder Seafood Restaurant,1984 State Rte 27,"{'latitude': 40.520866, 'longitude': -74.394208}",304,3.5,08817
SlXJ28Jyq5x46CrOMPLmWw,Pret A Manger,265 Madison Ave,"{'latitude': 40.7509490419435, 'longitude': -73.9804938071625}",62,3.5,10017
n1DUe9ItIlnuqUssG8j9Sw,Fusion Ti,501 Old Post Rd,"{'latitude': 40.5154, 'longitude': -74.3786}",145,3.5,08817
ng1wpKuQOFjZNCOe5YTwHA,Chopstix,1 Hanover Square,"{'latitude': 40.7043655812028, 'longitude': -74.0091101794667}",13,2.5,10004
mnV1__bNIGFvSDvHd7S_Kw,Pret A Manager,530 Fashion Ave,"{'latitude': 40.7541, 'longitude': -73.98888}",5,3.0,10018
aFUwmWD2GX3FZhuyW-gJOw,Yummy Yummy,506 Saddle River Rd,"{'latitude': 40.90851, 'longitude': -74.0915}",12,2.5,07663
bVZZIdaZ0aODd49Rux23dw,C'est Bon Cafe,120 E 57th St,"{'latitude': 40.76094, 'longitude': -73.96989}",29,2.0,10022
M8FNsKsudKbBcYMyH5bjlw,Mira Sushi - Flatiron,46 W 22nd St,"{'latitude': 40.7418109, 'longitude': -73.9924289}",338,3.5,10010
2N96z5wHbk-xz-Egghb2Wg,P.F. Chang's,390 Hackensack Ave,"{'latitude': 40.907899, 'longitude': -74.030768}",368,2.5,07601
Z2wEFjq2e5utSoHAfsaQVQ,Red Onion,260 Talmadge Rd,"{'latitude': 40.5417054, 'longitude': -74.3981205}",199,4.0,08817
4ZBgbibDZXvXuSerGFFRPQ,Chopt Creative Salad Co.,1606 Marcus Ave,"{'latitude': 40.754239, 'longitude': -73.686384}",146,3.0,11040
EZvf07qcxg14lzaAdZaOFg,Chopt Creative Salad Co.,1 New York Plaza,"{'latitude': 40.7023139, 'longitude': -74.0114968}",33,3.0,10004
